kd_gol_kary,kd_sts_kary,kd_lok_krj,kd_jabatan,kd_divisi,kd_divisi_bag,kd_divisi_sub_bag,PIN,tgl_msk,tgl_klr,Lokasi_Kerja_Asli
LCI,01,01,04,42,00,00,100182,2012-09-24,,Surabaya Office (SO)
LCI,01,01,05,04,00,00,100208,2014-09-08,,Surabaya Office (SO)
SF,01,03,08,25,27,00,201011,2001-06-10,2025-07-11,Surabaya Factory (SF)
LCI,01,01,02,02,00,00,100020,1993-11-11,,Surabaya Office (SO)
LCI,01,03,04,11,00,00,100077,1996-08-26,2026-02-28,Surabaya Factory (SF)
LCI,01,01,05,02,00,00,100095,1997-04-29,,Surabaya Office (SO)
LCI,01,03,06,11,00,00,100110,1995-05-16,2019-11-12,Surabaya Factory (SF)
LCI,01,01,05,03,00,00,100203,2014-06-23,,Surabaya Office (SO)
LCI,01,01,05,02,01,00,100132,2001-07-10,2025-07-07,Surabaya Office (SO)
LCI,01,03,03,14,00,00,100136,2002-09-23,2025-04-20,Surabaya Factory (SF)
LCI,01,01,03,05,20,00,100151,2006-02-15,,Surabaya Office (SO)
LCI,01,03,05,15,00,00,100153,2002-05-10,2023-11-25,Surabaya Factory (SF)
LCI,01,01,04,03,00,00,100169,2009-10-27,,Surabaya Office (SO)
LCI,01,03,04,24,00,00,100172,2010-07-06,2025-07-09,Surabaya Factory (SF)
LCI,01,01,05,42,00,00,100175,2010-07-26,,Surabaya Office (SO)
LCI,01,01,05,02,01,00,100180,2012-02-02,2021-08-20,Surabaya Office (SO)
LCI,01,03,05,15,00,00,100181,2012-09-21,2025-06-18,Surabaya Factory (SF)
LCI,01,01,04,07,00,00,100183,2012-10-17,,Surabaya Office (SO)
LCI,01,01,04,03,00,00,100186,2013-09-16,,Surabaya Office (SO)
LCI,01,01,05,03,00,00,100188,2013-09-17,,Surabaya Office (SO)
LCI,01,04,03,11,00,00,100189,2013-10-01,,Bali Factory (BF)
LCI,01,03,05,14,00,00,100190,2013-10-07,2017-10-20,Surabaya Factory (SF)
LCI,01,01,05,06,00,00,100192,2013-10-21,2023-12-01,Surabaya Office (SO)
LCI,01,03,05,16,00,00,100195,2013-10-21,,Surabaya Factory (SF)
LCI,01,03,05,11,00,00,100196,2014-03-21,,Surabaya Factory (SF)
LCI,01,01,05,06,00,00,100197,2014-04-01,,Surabaya Office (SO)
LCI,01,02,04,06,00,00,100198,2014-04-01,,Bali Office (BO)
LCI,01,01,04,06,00,00,100199,2014-04-01,,Surabaya Office (SO)
LCI,01,03,05,15,00,00,100209,2014-12-03,,Surabaya Factory (SF)
LCI,01,01,05,05,20,00,100210,2014-12-15,2017-08-25,Surabaya Office (SO)
LCI,01,01,05,06,00,00,100211,2015-02-02,2023-12-20,Surabaya Office (SO)
LCI,01,01,05,05,20,00,100212,2015-03-23,2018-01-26,Surabaya Office (SO)
LCI,01,01,05,06,00,00,100219,2015-05-04,,Surabaya Office (SO)
LCI,01,01,05,02,00,00,100217,2015-04-13,2018-05-25,Surabaya Office (SO)
LCI,01,03,05,13,00,00,100220,2015-06-22,2017-10-11,Surabaya Factory (SF)
LCI,00,00,00,00,00,00,100222,2015-09-07,2016-12-21,00
LCI,01,01,04,04,00,00,100223,2016-01-22,,Surabaya Office (SO)
LCI,01,01,05,03,00,00,100224,2016-03-16,2024-12-28,Surabaya Office (SO)
SF,01,01,08,02,02,00,202002,1997-04-17,2025-05-20,Surabaya Office (SO)
LCI,01,01,05,07,00,00,100218,2015-05-04,,Surabaya Office (SO)
SF,01,01,08,02,03,00,202233,2009-03-23,,Surabaya Office (SO)
SF,01,01,08,02,02,00,202006,1998-06-25,,Surabaya Office (SO)
LCI,01,03,05,13,00,00,100202,2014-06-02,2018-10-20,Surabaya Factory (SF)
LCI,01,01,05,02,04,00,100150,2005-09-14,,Surabaya Office (SO)
SF,01,03,08,25,27,00,201012,2004-09-06,2025-07-11,Surabaya Factory (SF)
SF,01,01,08,02,02,00,202556,2014-01-16,,Surabaya Office (SO)
SF,01,01,08,02,02,00,202066,1995-12-25,2023-10-31,Surabaya Office (SO)
SF,01,01,08,02,02,00,202003,2011-05-27,,Surabaya Office (SO)
LCI,00,00,00,00,00,00,100185,2013-05-13,2017-03-21,00
LCI,01,01,02,03,00,00,100213,2014-01-02,2020-09-01,Surabaya Office (SO)
LCI,00,00,00,00,00,00,100207,,2017-01-06,00
LCI,01,03,05,16,00,00,100144,1994-11-01,2024-07-31,Surabaya Factory (SF)
SF,01,03,07,25,27,00,201003,1995-05-16,2025-05-20,Surabaya Factory (SF)
SF,01,03,08,25,27,00,201008,1998-09-21,2025-07-11,Surabaya Factory (SF)
SF,01,03,08,25,27,00,201009,1999-12-13,2025-05-20,Surabaya Factory (SF)
SF,01,03,08,25,27,00,201013,2004-09-06,2020-03-19,Surabaya Factory (SF)
SF,01,03,08,25,27,00,201015,2010-11-01,2025-07-11,Surabaya Factory (SF)
SF,01,03,08,25,27,00,201016,2010-11-01,2025-07-11,Surabaya Factory (SF)
SF,01,03,08,18,06,00,202008,1995-06-01,2023-10-20,Surabaya Factory (SF)
SF,01,03,08,19,07,00,202015,1995-06-17,,Surabaya Factory (SF)
SF,01,03,08,19,07,00,202069,1997-01-15,,Surabaya Factory (SF)
SF,01,03,08,17,00,00,202098,1997-01-15,,Surabaya Factory (SF)
SF,04,03,08,12,17,00,206005,2017-02-08,,Surabaya Factory (SF)
SF,04,03,08,23,20,00,206009,2013-03-04,,Surabaya Factory (SF)
SF,01,03,08,15,23,00,202100,1996-09-16,2025-05-20,Surabaya Factory (SF)
SF,01,03,08,22,14,00,202113,1997-01-11,,Surabaya Factory (SF)
SF,01,03,08,22,14,00,202138,2000-06-06,,Surabaya Factory (SF)
SF,01,03,07,19,08,00,202139,2000-04-17,,Surabaya Factory (SF)
SF,01,03,07,18,06,00,202140,2000-07-15,,Surabaya Factory (SF)
SF,01,03,08,19,08,00,202141,2000-10-05,,Surabaya Factory (SF)
SF,01,03,08,24,26,00,202145,2001-02-13,2018-03-24,Surabaya Factory (SF)
SF,01,03,08,23,21,00,202146,2000-04-17,,Surabaya Factory (SF)
SF,01,03,07,19,08,00,202147,2000-10-02,,Surabaya Factory (SF)
SF,01,03,07,19,08,00,202148,2000-11-28,,Surabaya Factory (SF)
SF,01,03,07,12,15,00,202149,2000-11-09,,Surabaya Factory (SF)
SF,01,03,08,16,29,00,202152,2001-04-02,2025-10-20,Surabaya Factory (SF)
SF,01,03,07,24,26,00,202155,2000-10-24,,Surabaya Factory (SF)
SF,01,03,08,24,26,00,202156,2001-05-28,,Surabaya Factory (SF)
SF,01,03,07,24,26,00,202157,2001-06-01,,Surabaya Factory (SF)
LCI,01,03,05,24,26,00,100249,2001-06-15,,Surabaya Factory (SF)
SF,01,03,07,19,08,00,202163,2001-06-21,,Surabaya Factory (SF)
SF,01,03,08,19,08,00,202165,2001-09-04,,Surabaya Factory (SF)
SF,01,03,08,25,28,00,202166,2001-10-08,,Surabaya Factory (SF)
SF,01,03,07,18,06,00,202168,2001-06-08,,Surabaya Factory (SF)
SF,01,03,08,18,06,00,202169,2001-06-09,,Surabaya Factory (SF)
SF,01,03,07,12,17,00,202171,2001-07-12,2021-07-30,Surabaya Factory (SF)
SF,01,03,08,23,19,00,202172,2001-11-06,,Surabaya Factory (SF)
SF,01,03,08,23,21,00,202173,2001-04-02,,Surabaya Factory (SF)
SF,01,03,08,19,07,00,202174,2001-07-14,,Surabaya Factory (SF)
SF,01,03,08,12,16,00,202175,2001-07-27,,Surabaya Factory (SF)
SF,01,03,08,23,21,00,202176,2001-07-27,,Surabaya Factory (SF)
SF,01,03,07,12,16,00,202177,2001-08-21,,Surabaya Factory (SF)
SF,01,03,08,18,05,00,202180,2001-06-08,,Surabaya Factory (SF)
SF,01,03,08,12,15,00,202181,2001-06-08,,Surabaya Factory (SF)
LCI,01,03,05,19,08,00,100250,2001-07-14,,Surabaya Factory (SF)
SF,01,03,08,18,06,00,202183,2002-09-23,,Surabaya Factory (SF)
SF,01,03,08,24,26,00,202184,2002-09-23,2025-05-20,Surabaya Factory (SF)
SF,01,03,07,23,20,00,202185,2002-09-23,,Surabaya Factory (SF)
SF,01,03,08,23,21,00,202186,2002-10-14,,Surabaya Factory (SF)
SF,01,03,08,18,06,00,202187,2002-10-14,,Surabaya Factory (SF)
SF,01,03,07,23,21,00,202188,2002-10-14,,Surabaya Factory (SF)
SF,01,03,08,15,23,00,202189,2003-03-10,2024-01-06,Surabaya Factory (SF)
SF,01,03,08,12,18,00,202190,2003-05-26,,Surabaya Factory (SF)
LCI,01,03,05,23,19,00,100236,2003-05-26,2025-06-23,Surabaya Factory (SF)
SF,01,03,08,12,18,00,202192,2003-05-26,,Surabaya Factory (SF)
SF,01,03,08,17,00,00,202193,2003-09-01,,Surabaya Factory (SF)
SF,01,03,08,24,26,00,202194,2004-01-12,,Surabaya Factory (SF)
SF,01,03,08,19,07,00,202195,2004-01-12,2025-07-02,Surabaya Factory (SF)
SF,01,03,08,18,06,00,202196,2004-09-06,,Surabaya Factory (SF)
SF,01,03,08,18,06,00,202197,2004-09-06,,Surabaya Factory (SF)
SF,01,03,08,19,08,00,202199,2001-06-09,,Surabaya Factory (SF)
SF,01,03,08,12,15,00,202201,2001-10-16,2025-05-20,Surabaya Factory (SF)
SF,01,03,08,24,26,00,202202,2001-11-06,2025-07-03,Surabaya Factory (SF)
SF,01,03,08,19,07,00,202203,2002-09-23,,Surabaya Factory (SF)
SF,01,03,08,18,06,00,202204,2002-09-23,,Surabaya Factory (SF)
SF,01,03,08,24,26,00,202205,2002-09-23,2025-07-14,Surabaya Factory (SF)
SF,01,03,08,18,06,00,202206,2002-09-23,,Surabaya Factory (SF)
SF,01,03,08,19,08,00,202207,2002-10-14,,Surabaya Factory (SF)
SF,01,03,08,23,21,00,202208,2002-10-14,,Surabaya Factory (SF)
SF,01,03,08,17,00,00,202209,2002-10-14,,Surabaya Factory (SF)
SF,01,03,08,19,07,00,202210,2002-10-14,,Surabaya Factory (SF)
SF,01,03,08,23,21,00,202211,2002-10-14,,Surabaya Factory (SF)
SF,01,03,08,24,26,00,202212,2002-10-14,,Surabaya Factory (SF)
SF,01,03,08,15,23,00,202213,2003-03-10,,Surabaya Factory (SF)
SF,01,03,08,24,24,00,202214,2003-05-26,,Surabaya Factory (SF)
SF,01,03,08,23,21,00,202215,2003-05-26,,Surabaya Factory (SF)
SF,01,03,08,23,21,00,202216,2003-05-26,2025-07-01,Surabaya Factory (SF)
SF,01,03,08,18,06,00,202217,2003-09-01,,Surabaya Factory (SF)
SF,01,03,08,24,24,00,202218,2003-09-01,,Surabaya Factory (SF)
SF,01,03,08,18,06,00,202219,2003-09-01,,Surabaya Factory (SF)
SF,01,03,08,18,06,00,202220,2003-09-01,,Surabaya Factory (SF)
SF,01,03,08,24,24,00,202221,2003-09-01,,Surabaya Factory (SF)
SF,01,03,07,18,06,00,202223,2003-09-01,,Surabaya Factory (SF)
SF,01,03,08,12,18,00,202224,2003-12-13,,Surabaya Factory (SF)
SF,01,03,08,18,05,00,202226,2004-01-12,,Surabaya Factory (SF)
SF,01,03,08,19,08,00,202227,2004-01-12,2025-05-20,Surabaya Factory (SF)
SF,01,03,08,17,00,00,202228,2004-01-12,,Surabaya Factory (SF)
SF,01,03,08,12,15,00,202229,2004-01-12,,Surabaya Factory (SF)
SF,01,03,08,19,07,00,202230,2004-01-12,,Surabaya Factory (SF)
SF,01,03,08,19,08,00,202231,2004-01-12,,Surabaya Factory (SF)
SF,01,03,08,19,07,00,202232,2004-01-12,,Surabaya Factory (SF)
SF,01,03,08,18,06,00,202235,2004-09-06,,Surabaya Factory (SF)
SF,01,03,08,18,05,00,202236,2004-09-06,,Surabaya Factory (SF)
SF,01,03,08,19,07,00,202237,2004-09-06,,Surabaya Factory (SF)
SF,01,03,08,23,21,00,202238,2004-09-06,,Surabaya Factory (SF)
SF,01,03,08,22,13,00,202239,2004-09-06,,Surabaya Factory (SF)
SF,01,03,08,19,08,00,202240,2004-09-06,,Surabaya Factory (SF)
SF,01,03,08,19,08,00,202241,2005-05-25,,Surabaya Factory (SF)
SF,01,03,08,19,07,00,202242,2005-05-25,2019-08-28,Surabaya Factory (SF)
SF,01,03,08,22,14,00,202244,2005-05-25,,Surabaya Factory (SF)
SF,01,03,08,12,15,00,202245,2005-05-25,,Surabaya Factory (SF)
SF,01,03,08,23,21,00,202248,2005-05-25,2025-06-26,Surabaya Factory (SF)
SF,01,03,08,12,17,00,202249,2005-05-25,,Surabaya Factory (SF)
LCI,01,03,05,15,00,00,100275,2005-06-06,2025-06-18,Surabaya Factory (SF)
SF,01,03,08,18,06,00,202251,2005-06-13,,Surabaya Factory (SF)
SF,01,03,08,24,26,00,202252,2005-06-13,,Surabaya Factory (SF)
SF,01,03,08,24,26,00,202253,2005-06-13,,Surabaya Factory (SF)
SF,01,03,08,24,26,00,202254,2005-06-13,2025-07-12,Surabaya Factory (SF)
SF,01,03,08,16,29,00,202255,2005-06-13,,Surabaya Factory (SF)
SF,01,03,08,24,26,00,202256,2005-06-13,,Surabaya Factory (SF)
SF,01,03,08,12,17,00,202259,2005-06-13,,Surabaya Factory (SF)
SF,01,03,08,12,18,00,202261,2005-06-13,,Surabaya Factory (SF)
SF,01,03,08,25,27,00,201262,2005-06-27,2020-06-11,Surabaya Factory (SF)
SF,01,03,08,12,15,00,202263,2005-07-11,,Surabaya Factory (SF)
SF,01,03,08,26,00,00,202264,2006-03-04,,Surabaya Factory (SF)
SF,01,03,07,12,18,00,202265,2006-07-24,2022-08-27,Surabaya Factory (SF)
SF,01,03,08,22,13,00,202267,2004-09-06,,Surabaya Factory (SF)
SF,01,03,08,24,26,00,202268,2005-07-11,,Surabaya Factory (SF)
SF,01,03,08,18,06,00,202269,2005-11-28,,Surabaya Factory (SF)
SF,01,03,08,19,07,00,202270,2005-12-05,,Surabaya Factory (SF)
SF,01,03,08,24,26,00,202271,2005-05-25,,Surabaya Factory (SF)
SF,01,03,08,12,18,00,202272,2005-06-13,,Surabaya Factory (SF)
SF,01,03,08,19,08,00,202273,2006-07-24,,Surabaya Factory (SF)
SF,01,03,08,18,05,00,202274,2006-07-31,,Surabaya Factory (SF)
SF,01,03,07,19,08,00,202275,2007-08-06,,Surabaya Factory (SF)
SF,01,03,08,19,07,00,202276,2007-08-06,2025-05-20,Surabaya Factory (SF)
SF,01,03,08,17,00,00,202277,2008-02-25,,Surabaya Factory (SF)
SF,01,03,08,12,15,00,202278,2008-02-25,2021-07-30,Surabaya Factory (SF)
SF,01,03,08,12,18,00,202279,2008-02-25,,Surabaya Factory (SF)
SF,01,03,08,12,18,00,202280,2008-02-25,,Surabaya Factory (SF)
SF,01,03,08,19,07,00,202281,2009-10-21,,Surabaya Factory (SF)
SF,01,03,08,19,08,00,202282,2009-10-21,,Surabaya Factory (SF)
SF,01,03,08,22,13,00,202286,2009-10-21,,Surabaya Factory (SF)
SF,03,03,08,23,21,00,203302,2009-10-21,,Surabaya Factory (SF)
SF,01,03,08,23,21,00,202283,2009-10-21,,Surabaya Factory (SF)
SF,03,03,08,23,21,00,203305,2009-10-21,2021-05-10,Surabaya Factory (SF)
SF,01,03,08,23,21,00,202284,2009-10-24,,Surabaya Factory (SF)
SF,01,03,08,12,16,00,202285,2010-07-26,2017-10-21,Surabaya Factory (SF)
SF,01,03,08,18,05,00,202287,2010-07-26,,Surabaya Factory (SF)
SF,01,03,07,19,08,00,202288,2010-07-26,,Surabaya Factory (SF)
SF,03,03,08,23,21,00,203338,2010-08-27,,Surabaya Factory (SF)
SF,03,03,08,24,24,00,203342,2010-11-01,2023-09-29,Surabaya Factory (SF)
SF,03,03,08,26,00,00,203343,2010-11-01,,Surabaya Factory (SF)
SF,03,03,08,23,21,00,203344,2010-11-06,,Surabaya Factory (SF)
SF,03,03,08,12,15,00,203354,2013-03-01,2024-08-28,Surabaya Factory (SF)
SF,04,03,08,24,25,00,206328,2014-06-26,2020-02-24,Surabaya Factory (SF)
SF,04,03,08,12,17,00,206280,2014-03-13,2021-04-01,Surabaya Factory (SF)
SF,04,03,08,23,21,00,206275,2014-03-10,,Surabaya Factory (SF)
SF,04,03,08,12,16,00,206274,2014-03-10,2023-09-23,Surabaya Factory (SF)
SF,04,03,08,12,18,00,206237,2014-02-05,,Surabaya Factory (SF)
SF,01,03,08,23,21,00,202247,2005-05-25,,Surabaya Factory (SF)
SF,01,03,08,15,23,00,202225,2003-12-13,2020-12-17,Surabaya Factory (SF)
SF,04,03,08,12,15,00,206273,2014-03-06,2026-08-01,Surabaya Factory (SF)
SF,04,03,08,16,29,00,206038,2013-03-07,2019-05-01,Surabaya Factory (SF)
SF,04,03,08,12,18,00,206001,2013-03-01,,Surabaya Factory (SF)
SF,04,03,08,23,21,00,206002,2013-03-13,,Surabaya Factory (SF)
SF,04,03,08,12,17,00,206004,2013-03-01,2019-07-01,Surabaya Factory (SF)
SF,04,03,08,23,21,00,206003,2013-03-01,,Surabaya Factory (SF)
SF,04,03,08,16,29,00,206148,2013-09-12,2019-05-01,Surabaya Factory (SF)
SF,04,03,08,16,29,00,206037,2013-03-07,2019-05-01,Surabaya Factory (SF)
SF,04,03,08,25,28,00,206039,2013-03-07,2025-03-11,Surabaya Factory (SF)
SF,04,03,08,12,18,00,206123,2013-05-09,2019-05-01,Surabaya Factory (SF)
SF,04,03,08,12,18,00,206124,2013-05-29,2026-08-01,Surabaya Factory (SF)
SF,04,03,08,24,26,00,206130,2013-06-17,2026-08-01,Surabaya Factory (SF)
SF,04,04,08,24,25,00,206137,2013-08-21,2018-09-26,Bali Factory (BF)
SF,04,03,08,12,18,00,206138,2013-09-09,2021-04-01,Surabaya Factory (SF)
SF,04,03,08,23,19,00,206144,2013-09-09,2026-08-01,Surabaya Factory (SF)
SF,04,03,08,16,29,00,206145,2013-09-10,2019-05-01,Surabaya Factory (SF)
SF,04,03,08,12,18,00,206157,2013-09-23,2019-05-01,Surabaya Factory (SF)
SF,04,03,08,12,18,00,206158,2013-09-27,2026-08-01,Surabaya Factory (SF)
SF,04,03,08,12,18,00,206159,2013-09-27,,Surabaya Factory (SF)
SF,04,03,08,18,06,00,206189,2013-10-01,,Surabaya Factory (SF)
SF,04,03,08,12,18,00,206197,2013-10-01,2019-06-01,Surabaya Factory (SF)
SF,04,03,08,24,25,00,206230,2013-11-22,2020-08-12,Surabaya Factory (SF)
SF,01,03,08,25,27,00,201014,2004-09-06,2025-05-20,Surabaya Factory (SF)
LCI,01,03,05,11,00,00,100204,1997-01-02,,Surabaya Factory (SF)
LCI,01,03,05,12,00,00,100205,2001-07-12,,Surabaya Factory (SF)
LCI,01,04,02,10,00,00,100214,1985-02-08,2021-10-31,Bali Factory (BF)
LCI,01,03,05,12,18,00,100225,2000-04-03,2023-11-23,Surabaya Factory (SF)
LCI,01,03,05,11,00,00,100206,2001-09-04,2025-06-18,Surabaya Factory (SF)
LCI,01,03,05,23,21,00,100216,2001-11-07,,Surabaya Factory (SF)
LCI,01,03,05,13,00,00,100215,1997-01-15,2017-08-20,Surabaya Factory (SF)
SF,01,03,08,24,26,00,202243,2005-05-25,2019-11-14,Surabaya Factory (SF)
SF,04,03,08,12,17,00,206390,2016-05-19,,Surabaya Factory (SF)
SF,04,03,08,12,18,00,216001,2016-03-14,,Surabaya Factory (SF)
SF,04,03,08,12,18,00,216002,2016-03-30,2020-11-02,Surabaya Factory (SF)
SF,04,03,08,18,06,00,216003,2016-03-21,2020-08-03,Surabaya Factory (SF)
SF,04,03,08,18,06,00,216005,2016-03-21,2021-04-01,Surabaya Factory (SF)
SF,04,03,08,18,06,00,216006,2016-03-21,,Surabaya Factory (SF)
SF,04,03,08,12,15,00,216009,2016-03-23,2026-08-01,Surabaya Factory (SF)
SF,04,03,08,18,06,00,216013,2016-03-24,,Surabaya Factory (SF)
SF,04,03,08,12,18,00,216014,2016-03-24,2018-12-07,Surabaya Factory (SF)
SF,04,03,08,12,18,00,216019,2016-03-25,2021-04-01,Surabaya Factory (SF)
SF,04,03,08,12,18,00,216021,2016-03-28,2020-06-10,Surabaya Factory (SF)
SF,04,03,08,12,18,00,216025,2016-03-28,,Surabaya Factory (SF)
SF,04,03,08,19,07,00,216026,2016-03-29,,Surabaya Factory (SF)
SF,04,03,08,18,06,00,216032,2016-03-29,2026-08-01,Surabaya Factory (SF)
SF,04,03,08,23,21,00,216040,2016-03-31,2026-08-01,Surabaya Factory (SF)
SF,04,03,08,19,08,00,216044,2016-04-04,2023-07-04,Surabaya Factory (SF)
SF,04,03,08,19,08,00,216045,2016-04-04,2020-02-10,Surabaya Factory (SF)
SF,04,03,08,19,08,00,216046,2016-04-04,,Surabaya Factory (SF)
SF,04,03,08,18,06,00,216054,2016-04-04,,Surabaya Factory (SF)
SF,04,03,08,24,26,00,216057,2016-04-04,2020-12-01,Surabaya Factory (SF)
SF,04,03,08,19,08,00,216058,2016-04-05,2026-08-01,Surabaya Factory (SF)
SF,04,03,08,19,07,00,216059,2016-04-05,,Surabaya Factory (SF)
SF,04,03,08,23,21,00,216061,2016-04-05,2021-01-05,Surabaya Factory (SF)
SF,04,03,08,12,18,00,216062,2016-04-06,,Surabaya Factory (SF)
SF,04,03,08,23,19,00,216063,2016-04-06,,Surabaya Factory (SF)
SF,04,03,08,12,15,00,216071,2016-04-11,,Surabaya Factory (SF)
SF,04,03,08,18,06,00,216084,2016-04-19,,Surabaya Factory (SF)
SF,04,03,08,18,06,00,216085,2016-04-19,,Surabaya Factory (SF)
SF,04,03,08,19,07,00,216089,2016-04-21,,Surabaya Factory (SF)
SF,04,03,08,19,08,00,216117,2016-05-02,,Surabaya Factory (SF)
SF,04,03,08,12,18,00,216123,2016-05-04,2026-08-01,Surabaya Factory (SF)
SF,04,03,08,12,18,00,216125,2016-05-09,,Surabaya Factory (SF)
SF,04,03,08,23,21,00,216144,2016-05-31,2026-08-31,Surabaya Factory (SF)
SF,04,03,08,19,08,00,216166,2016-06-13,2019-08-02,Surabaya Factory (SF)
SF,04,04,08,27,30,00,207001,,2022-08-29,Bali Factory (BF)
SF,04,04,08,34,39,00,207002,2014-11-05,2022-12-21,Bali Factory (BF)
LCI,03,03,04,02,00,00,100226,2017-02-13,2017-08-12,Surabaya Factory (SF)
SF,04,03,08,19,08,00,216183,2017-03-23,2026-08-01,Surabaya Factory (SF)
SF,04,03,08,18,06,00,216154,2017-03-21,2021-03-01,Surabaya Factory (SF)
SF,04,03,08,18,06,00,216151,2017-03-21,2020-02-10,Surabaya Factory (SF)
SF,04,03,08,12,18,00,216124,2017-03-27,2021-04-01,Surabaya Factory (SF)
SF,04,03,08,18,06,00,216121,2017-03-22,2021-01-05,Surabaya Factory (SF)
SF,04,03,08,18,06,00,216119,2017-03-23,,Surabaya Factory (SF)
SF,04,03,08,19,07,00,216099,2017-03-22,,Surabaya Factory (SF)
SF,04,03,08,12,18,00,216096,2017-03-21,,Surabaya Factory (SF)
SF,04,03,08,18,06,00,216086,2017-03-21,2026-08-01,Surabaya Factory (SF)
SF,04,03,08,18,06,00,216083,2017-03-13,2020-08-03,Surabaya Factory (SF)
SF,04,03,08,18,06,00,216082,2017-03-21,,Surabaya Factory (SF)
SF,04,03,08,19,08,00,216076,2017-03-22,,Surabaya Factory (SF)
SF,04,03,08,19,08,00,216074,2017-03-21,2026-08-01,Surabaya Factory (SF)
SF,04,03,08,18,05,00,216070,2017-03-22,,Surabaya Factory (SF)
SF,04,03,08,18,06,00,216068,2017-03-21,2021-01-06,Surabaya Factory (SF)
SF,04,03,08,18,06,00,216053,2017-03-22,,Surabaya Factory (SF)
SF,04,03,08,19,08,00,216050,2017-03-21,2020-11-02,Surabaya Factory (SF)
SF,04,03,08,19,08,00,216049,2017-03-21,2026-08-01,Surabaya Factory (SF)
SF,04,03,08,19,08,00,216047,2017-03-21,2020-12-01,Surabaya Factory (SF)
SF,04,03,08,12,18,00,216041,2017-03-22,,Surabaya Factory (SF)
SF,04,03,08,18,06,00,216039,2017-03-23,,Surabaya Factory (SF)
SF,04,03,08,12,18,00,216036,2019-04-02,,Surabaya Factory (SF)
SF,04,03,08,18,06,00,216033,2017-03-22,2020-08-03,Surabaya Factory (SF)
SF,04,03,08,18,06,00,216028,2017-03-22,,Surabaya Factory (SF)
SF,04,03,08,23,21,00,216027,2017-03-21,,Surabaya Factory (SF)
SF,04,03,08,18,06,00,216017,2017-03-22,2020-02-04,Surabaya Factory (SF)
SF,04,03,08,18,06,00,216016,2017-03-21,2020-11-02,Surabaya Factory (SF)
SF,04,03,08,18,06,00,216015,2017-03-21,,Surabaya Factory (SF)
SF,04,03,08,18,06,00,216012,2017-03-22,,Surabaya Factory (SF)
SF,04,03,08,18,06,00,216010,2017-03-21,,Surabaya Factory (SF)
SF,04,03,08,18,06,00,216004,2017-03-21,2020-09-01,Surabaya Factory (SF)
SF,04,03,08,18,06,00,216038,2017-03-22,,Surabaya Factory (SF)
SF,04,03,08,18,06,00,216188,2017-04-07,,Surabaya Factory (SF)
SF,04,03,08,18,06,00,216187,2017-04-07,2020-09-01,Surabaya Factory (SF)
SF,04,03,08,19,07,00,216186,2017-03-31,2020-02-10,Surabaya Factory (SF)
SF,04,03,08,24,26,00,216185,2017-03-31,,Surabaya Factory (SF)
SF,04,03,08,12,18,00,216184,2017-03-25,,Surabaya Factory (SF)
SF,04,03,08,19,08,00,216179,2017-04-08,2017-09-11,Surabaya Factory (SF)
SF,04,03,08,18,06,00,216173,2017-04-08,2020-07-20,Surabaya Factory (SF)
SF,04,03,08,19,08,00,216170,2017-04-07,2019-08-02,Surabaya Factory (SF)
SF,04,03,08,18,06,00,216142,2017-03-24,,Surabaya Factory (SF)
SF,04,03,08,12,18,00,216139,2017-03-25,2026-08-31,Surabaya Factory (SF)
SF,04,03,08,19,08,00,216114,2017-03-24,2017-10-07,Surabaya Factory (SF)
SF,04,03,08,12,18,00,216112,2017-03-24,2019-05-31,Surabaya Factory (SF)
SF,04,03,08,19,08,00,216108,2017-04-05,2020-08-03,Surabaya Factory (SF)
SF,04,03,08,17,00,00,216107,2017-04-08,2017-07-13,Surabaya Factory (SF)
SF,04,03,08,19,08,00,216106,2017-04-08,,Surabaya Factory (SF)
SF,04,03,08,19,08,00,216104,2017-03-25,2019-08-02,Surabaya Factory (SF)
SF,04,03,08,19,08,00,216102,2017-03-24,2021-01-06,Surabaya Factory (SF)
SF,04,03,08,19,08,00,216101,2017-03-25,2026-08-01,Surabaya Factory (SF)
SF,04,03,08,23,21,00,216100,2017-03-24,,Surabaya Factory (SF)
SF,04,03,08,23,21,00,216098,2026-06-22,,Surabaya Factory (SF)
SF,04,03,08,19,08,00,216097,2017-03-31,,Surabaya Factory (SF)
SF,04,03,08,19,09,00,216094,2017-04-07,2020-08-03,Surabaya Factory (SF)
SF,04,03,08,19,08,00,216093,2017-04-05,2017-09-11,Surabaya Factory (SF)
SF,04,03,08,12,18,00,216092,2017-04-06,2019-08-02,Surabaya Factory (SF)
SF,04,03,08,19,08,00,216091,2017-03-25,2019-05-01,Surabaya Factory (SF)
SF,04,03,08,19,08,00,216088,2017-04-05,2020-01-13,Surabaya Factory (SF)
SF,04,03,08,19,08,00,216087,2017-03-24,2021-01-05,Surabaya Factory (SF)
SF,04,03,08,19,08,00,216080,2017-04-05,,Surabaya Factory (SF)
SF,04,03,08,19,08,00,216079,2017-03-25,,Surabaya Factory (SF)
SF,04,03,08,19,08,00,216073,2017-03-24,,Surabaya Factory (SF)
SF,04,03,08,24,26,00,216056,2017-03-30,2020-12-01,Surabaya Factory (SF)
SF,04,03,08,19,08,00,216052,2017-03-25,2026-08-01,Surabaya Factory (SF)
SF,04,03,08,12,18,00,216043,2017-03-25,2018-12-14,Surabaya Factory (SF)
SF,04,03,08,23,21,00,216042,2017-03-24,,Surabaya Factory (SF)
SF,04,03,08,19,08,00,216031,2017-03-25,,Surabaya Factory (SF)
SF,04,03,08,12,18,00,216020,2017-03-24,2026-08-01,Surabaya Factory (SF)
SF,04,03,08,12,17,00,216008,2017-03-24,2026-08-01,Surabaya Factory (SF)
SF,04,03,08,12,18,00,216192,2017-04-17,2017-07-19,Surabaya Factory (SF)
SF,04,03,08,12,18,00,216191,2017-04-18,,Surabaya Factory (SF)
SF,04,03,08,24,26,00,216189,2017-04-13,2019-08-02,Surabaya Factory (SF)
SF,04,03,08,19,08,00,216177,2017-04-11,2021-01-06,Surabaya Factory (SF)
SF,04,03,08,19,08,00,216175,2017-04-11,,Surabaya Factory (SF)
SF,04,03,08,17,00,00,216171,2017-04-13,2017-07-16,Surabaya Factory (SF)
SF,04,03,08,23,21,00,216147,2017-04-13,,Surabaya Factory (SF)
SF,04,03,08,19,08,00,216111,2017-04-15,2021-01-05,Surabaya Factory (SF)
SF,04,03,08,17,00,00,216109,2017-04-15,2017-07-17,Surabaya Factory (SF)
SF,04,03,08,19,08,00,216105,2017-04-15,2021-01-06,Surabaya Factory (SF)
SF,04,03,08,19,08,00,216081,2017-04-15,2019-05-01,Surabaya Factory (SF)
SF,04,03,08,19,08,00,216225,2017-04-28,2026-08-01,Surabaya Factory (SF)
SF,04,03,08,19,08,00,216224,2017-04-28,2026-08-01,Surabaya Factory (SF)
SF,04,03,08,19,08,00,216223,2017-04-28,2019-08-02,Surabaya Factory (SF)
SF,04,03,08,19,08,00,216221,2017-04-28,2020-01-13,Surabaya Factory (SF)
SF,04,03,08,18,06,00,216220,2017-04-25,2026-08-01,Surabaya Factory (SF)
SF,04,03,08,18,06,00,216219,2017-04-25,2020-09-01,Surabaya Factory (SF)
SF,04,03,08,17,00,00,216218,2017-04-25,2017-07-27,Surabaya Factory (SF)
SF,04,03,08,18,06,00,216217,2017-04-25,2020-09-03,Surabaya Factory (SF)
SF,04,03,08,18,06,00,216216,2017-04-25,2020-09-03,Surabaya Factory (SF)
SF,04,03,08,18,06,00,216215,2017-04-25,2019-08-02,Surabaya Factory (SF)
LCI,01,03,05,16,29,00,100257,2022-05-21,2023-08-25,Surabaya Factory (SF)
SF,04,03,08,18,06,00,216213,2017-04-25,2020-01-13,Surabaya Factory (SF)
SF,04,03,08,19,08,00,216212,2017-04-25,2020-03-19,Surabaya Factory (SF)
SF,04,03,08,19,08,00,216211,2022-02-02,,Surabaya Factory (SF)
SF,04,03,08,19,07,00,216210,2017-04-25,,Surabaya Factory (SF)
SF,04,03,08,19,08,00,216209,2017-04-25,,Surabaya Factory (SF)
SF,04,03,08,19,08,00,216208,2017-04-25,2026-08-01,Surabaya Factory (SF)
SF,04,03,08,19,08,00,216206,2017-04-22,,Surabaya Factory (SF)
SF,04,03,08,19,08,00,216205,2017-04-22,,Surabaya Factory (SF)
SF,04,03,08,18,06,00,216204,2017-04-21,2017-09-25,Surabaya Factory (SF)
SF,04,03,08,19,08,00,216203,2017-04-22,2020-02-17,Surabaya Factory (SF)
SF,04,03,08,19,08,00,216202,2017-04-21,2019-08-02,Surabaya Factory (SF)
SF,04,03,08,19,08,00,216201,2017-04-20,2019-08-02,Surabaya Factory (SF)
SF,04,03,08,19,08,00,216199,2017-04-21,2019-08-02,Surabaya Factory (SF)
SF,04,03,08,24,25,00,216198,2017-04-20,2019-08-02,Surabaya Factory (SF)
SF,04,03,08,19,08,00,216197,2017-04-21,,Surabaya Factory (SF)
SF,04,03,08,18,06,00,216196,2017-04-20,2026-08-01,Surabaya Factory (SF)
SF,04,03,08,19,08,00,216195,2017-04-21,2020-09-01,Surabaya Factory (SF)
SF,04,03,08,19,08,00,216194,2017-04-21,2018-01-19,Surabaya Factory (SF)
SF,04,03,08,24,26,00,216193,2017-04-21,2017-07-23,Surabaya Factory (SF)
SF,04,03,08,23,21,00,216168,2017-04-21,,Surabaya Factory (SF)
SF,04,03,08,18,06,00,216164,2017-04-25,2019-08-02,Surabaya Factory (SF)
SF,04,03,08,18,06,00,216162,2017-04-21,2018-03-17,Surabaya Factory (SF)
SF,04,03,08,18,06,00,216157,2017-04-25,2020-08-03,Surabaya Factory (SF)
SF,04,03,08,19,08,00,216148,2017-04-25,2026-08-01,Surabaya Factory (SF)
SF,04,03,08,18,06,00,216141,2017-04-20,2019-08-02,Surabaya Factory (SF)
SF,04,03,08,19,08,00,216130,2017-04-20,2017-09-25,Surabaya Factory (SF)
SF,04,03,08,18,06,00,216120,2017-04-25,2021-04-01,Surabaya Factory (SF)
SF,04,03,08,18,05,00,216118,2023-04-04,2026-08-01,Surabaya Factory (SF)
SF,04,03,08,19,08,00,216113,2017-04-25,2018-11-01,Surabaya Factory (SF)
SF,04,03,08,19,08,00,216090,2017-04-22,2020-12-01,Surabaya Factory (SF)
SF,04,03,08,19,08,00,216078,2017-04-20,,Surabaya Factory (SF)
SF,04,03,08,19,08,00,216069,2017-04-28,,Surabaya Factory (SF)
SF,04,03,08,18,06,00,216035,2017-04-25,2026-08-01,Surabaya Factory (SF)
SF,04,03,08,18,06,00,216029,2017-04-25,2019-05-01,Surabaya Factory (SF)
SF,04,03,08,18,05,00,216024,2017-04-21,,Surabaya Factory (SF)
SF,04,03,08,24,26,00,216161,2017-05-09,2017-06-10,Surabaya Factory (SF)
SF,04,03,08,23,21,00,216165,2017-05-10,,Surabaya Factory (SF)
SF,04,03,08,20,00,00,216226,2017-05-10,2018-12-21,Surabaya Factory (SF)
SF,04,03,08,24,26,00,216227,2017-05-12,2017-08-14,Surabaya Factory (SF)
SF,04,03,08,19,08,00,216228,2017-05-12,2019-09-04,Surabaya Factory (SF)
SF,04,03,08,20,00,00,216229,2017-05-12,2017-12-17,Surabaya Factory (SF)
SF,04,03,08,20,00,00,216230,2017-05-12,2017-12-17,Surabaya Factory (SF)
SF,04,03,08,12,18,00,216143,2026-06-08,,Surabaya Factory (SF)
SF,04,03,08,24,26,00,216231,2017-05-19,2018-01-24,Surabaya Factory (SF)
SF,04,03,08,19,07,00,216232,2017-05-22,2026-08-01,Surabaya Factory (SF)
SF,04,03,08,19,08,00,216233,2017-05-24,2017-06-25,Surabaya Factory (SF)
SF,04,03,08,19,08,00,216234,2017-05-24,2020-01-22,Surabaya Factory (SF)
SF,04,03,08,12,18,00,216235,,2023-03-17,Surabaya Factory (SF)
SF,04,03,08,19,08,00,216236,2017-06-02,2017-12-08,Surabaya Factory (SF)
SF,04,03,08,24,26,00,216237,2017-06-05,2020-03-19,Surabaya Factory (SF)
SF,04,03,08,18,06,00,216128,2017-07-13,2026-08-01,Surabaya Factory (SF)
SF,04,03,08,19,08,00,216238,2017-07-12,2019-08-02,Surabaya Factory (SF)
SF,04,03,08,19,08,00,216239,2017-07-12,2018-09-26,Surabaya Factory (SF)
SF,04,03,08,19,08,00,216240,2017-07-12,2017-12-17,Surabaya Factory (SF)
SF,04,03,08,19,08,00,216241,2017-07-13,2017-11-16,Surabaya Factory (SF)
SF,04,03,08,18,06,00,216242,2017-07-13,2018-01-18,Surabaya Factory (SF)
SF,04,03,08,18,06,00,216243,2017-07-13,2018-01-18,Surabaya Factory (SF)
SF,04,03,08,19,08,00,216244,2017-07-15,2018-01-20,Surabaya Factory (SF)
SF,04,03,08,19,08,00,216077,2017-06-21,2018-09-20,Surabaya Factory (SF)
SF,04,03,08,19,08,00,216245,2017-07-21,2020-02-10,Surabaya Factory (SF)
SF,04,03,08,19,08,00,216246,2017-07-25,2026-08-31,Surabaya Factory (SF)
SF,04,03,08,16,29,00,216247,2017-08-02,2017-09-03,Surabaya Factory (SF)
SF,04,03,08,24,26,00,216248,2017-08-02,,Surabaya Factory (SF)
SF,04,03,08,15,23,00,216249,2017-08-02,2019-08-02,Surabaya Factory (SF)
SF,04,03,08,18,06,00,216250,2017-08-05,2021-01-06,Surabaya Factory (SF)
SF,04,03,08,18,06,00,216258,2017-08-04,2017-12-06,Surabaya Factory (SF)
SF,04,03,08,18,06,00,216251,2017-08-05,2017-11-07,Surabaya Factory (SF)
SF,04,03,08,19,08,00,216252,2017-08-05,2019-05-01,Surabaya Factory (SF)
SF,04,03,08,19,08,00,216253,2017-08-05,2017-12-08,Surabaya Factory (SF)
SF,04,03,08,18,06,00,216254,2017-08-05,2017-11-07,Surabaya Factory (SF)
SF,04,03,08,18,06,00,216255,2017-08-05,2017-11-07,Surabaya Factory (SF)
SF,04,03,08,18,06,00,216256,2017-08-05,,Surabaya Factory (SF)
SF,04,03,08,19,08,00,216257,2017-08-05,2018-03-11,Surabaya Factory (SF)
SF,04,03,08,18,06,00,216261,2017-08-09,2018-03-16,Surabaya Factory (SF)
SF,04,03,08,18,06,00,216262,2017-08-09,,Surabaya Factory (SF)
SF,04,03,08,19,08,00,216264,2017-08-09,2026-08-01,Surabaya Factory (SF)
SF,04,03,08,18,06,00,216266,2017-08-09,2026-08-31,Surabaya Factory (SF)
SF,04,03,08,18,05,00,216267,2018-08-02,,Surabaya Factory (SF)
SF,01,01,08,02,03,00,202557,2017-07-26,2018-02-19,Surabaya Office (SO)
SF,04,03,08,18,06,00,216260,2017-08-09,2017-11-12,Surabaya Factory (SF)
SF,04,03,08,18,06,00,216265,2017-08-09,2026-08-01,Surabaya Factory (SF)
SF,04,03,08,18,06,00,216280,2017-08-09,2017-11-12,Surabaya Factory (SF)
SF,04,03,08,19,08,00,216279,2017-08-09,,Surabaya Factory (SF)
SF,04,03,08,19,08,00,216278,2017-08-09,2020-11-02,Surabaya Factory (SF)
SF,04,03,08,16,29,00,216277,2017-08-09,2019-05-01,Surabaya Factory (SF)
SF,04,03,08,24,26,00,216276,2017-08-09,2017-10-11,Surabaya Factory (SF)
SF,04,03,08,12,18,00,216275,2017-08-09,,Surabaya Factory (SF)
SF,04,03,08,18,06,00,216274,2017-08-09,2017-12-13,Surabaya Factory (SF)
SF,04,03,08,18,06,00,216273,2017-08-09,2018-07-23,Surabaya Factory (SF)
SF,04,03,08,18,06,00,216272,2017-08-09,,Surabaya Factory (SF)
SF,04,03,08,18,06,00,216271,2017-08-09,2017-10-11,Surabaya Factory (SF)
SF,04,03,08,18,06,00,216270,2017-08-09,2018-09-25,Surabaya Factory (SF)
SF,04,03,08,18,06,00,216269,2017-08-09,2017-11-12,Surabaya Factory (SF)
SF,04,03,08,18,06,00,216268,2017-08-09,2017-10-11,Surabaya Factory (SF)
SF,04,03,08,18,06,00,216259,2017-08-10,2017-11-13,Surabaya Factory (SF)
SF,04,03,08,18,06,00,216263,2017-08-10,,Surabaya Factory (SF)
LCI,01,01,01,01,00,00,100227,2004-08-02,,Surabaya Office (SO)
LCI,01,03,05,25,00,00,100228,2017-09-04,2017-11-29,Surabaya Factory (SF)
LCI,02,01,05,06,00,00,100230,2017-08-21,2023-05-31,Surabaya Office (SO)
LCI,02,03,04,25,00,00,100229,2017-10-09,2018-04-10,Surabaya Factory (SF)
SF,04,03,08,19,08,00,216281,2017-10-23,2017-11-24,Surabaya Factory (SF)
SF,04,03,08,12,16,00,216282,2017-10-31,,Surabaya Factory (SF)
SF,04,03,08,24,25,00,216283,2017-11-20,2018-01-22,Surabaya Factory (SF)
LCI,01,03,05,13,00,00,100231,2017-12-04,2018-09-26,Surabaya Factory (SF)
SF,04,03,08,19,07,00,216284,2017-12-16,,Surabaya Factory (SF)
LCI,01,03,05,25,00,00,100251,2018-03-01,,Surabaya Factory (SF)
SF,04,03,08,12,18,00,216007,2018-03-09,,Surabaya Factory (SF)
SF,04,03,08,12,18,00,216285,2018-03-09,2020-02-24,Surabaya Factory (SF)
SF,04,03,08,20,00,00,216286,2018-03-10,2019-01-27,Surabaya Factory (SF)
LCI,01,01,05,05,00,00,100232,2018-02-26,2025-05-23,Surabaya Office (SO)
SF,02,01,08,02,03,00,202558,2018-02-26,,Surabaya Office (SO)
SF,04,03,08,12,15,00,216287,2018-04-05,,Surabaya Factory (SF)
SF,04,03,08,12,16,00,216288,2018-04-05,,Surabaya Factory (SF)
LCI,01,01,04,02,00,00,100233,2018-05-02,2026-08-03,Surabaya Office (SO)
SF,04,03,08,24,25,00,216289,2018-05-05,2018-07-08,Surabaya Factory (SF)
SF,04,03,08,24,25,00,216290,2018-05-23,2021-12-17,Surabaya Factory (SF)
SF,04,03,08,24,25,00,216291,2018-06-06,2019-08-02,Surabaya Factory (SF)
SF,04,03,08,19,08,00,216292,2018-06-22,,Surabaya Factory (SF)
SF,04,03,08,19,08,00,216294,2018-06-22,2026-08-01,Surabaya Factory (SF)
SF,04,03,08,19,08,00,216295,2018-06-22,2026-08-31,Surabaya Factory (SF)
SF,04,03,08,19,07,00,216296,2018-06-22,,Surabaya Factory (SF)
SF,04,03,08,18,06,00,216297,2018-06-22,2026-08-01,Surabaya Factory (SF)
SF,04,03,08,19,08,00,216298,2018-06-22,2020-03-20,Surabaya Factory (SF)
SF,04,03,08,12,18,00,216299,2018-06-22,2020-08-03,Surabaya Factory (SF)
SF,04,03,08,24,26,00,216300,2018-06-22,2019-01-25,Surabaya Factory (SF)
SF,04,03,08,18,06,00,216155,2018-06-22,2026-08-01,Surabaya Factory (SF)
SF,04,04,08,27,30,00,207003,2018-06-07,,Bali Factory (BF)
SF,04,03,08,15,23,00,216301,2018-07-02,2026-08-01,Surabaya Factory (SF)
SF,04,03,08,18,06,00,216302,2018-07-02,,Surabaya Factory (SF)
SF,04,03,08,18,06,00,216303,2018-07-02,2026-08-01,Surabaya Factory (SF)
SF,04,03,08,19,08,00,216304,2018-07-05,2020-02-18,Surabaya Factory (SF)
SF,04,03,08,19,08,00,216305,2018-07-05,2020-02-10,Surabaya Factory (SF)
LCI,01,01,05,05,00,00,100234,2018-07-02,,Surabaya Office (SO)
LCI,01,03,04,25,00,00,100235,2018-06-28,2024-02-21,Surabaya Factory (SF)
SF,04,03,08,19,08,00,216306,2018-07-25,2020-02-18,Surabaya Factory (SF)
SF,04,03,08,23,20,00,216307,2018-07-25,,Surabaya Factory (SF)
SF,04,03,08,19,08,00,216308,2018-08-02,2018-09-03,Surabaya Factory (SF)
SF,04,03,08,18,06,00,216315,2018-08-02,,Surabaya Factory (SF)
SF,04,03,08,19,07,00,216309,2018-08-02,2026-08-01,Surabaya Factory (SF)
SF,04,03,08,19,08,00,216310,2018-08-02,2018-10-04,Surabaya Factory (SF)
SF,04,03,08,17,00,00,216311,2018-08-02,2026-08-01,Surabaya Factory (SF)
SF,04,03,08,19,08,00,216312,2018-08-02,2018-10-04,Surabaya Factory (SF)
SF,04,03,08,19,08,00,216313,2018-08-02,2019-09-07,Surabaya Factory (SF)
SF,04,03,08,19,08,00,216314,2018-08-02,2021-01-06,Surabaya Factory (SF)
SF,04,03,08,18,06,00,216316,2018-08-10,2020-02-18,Surabaya Factory (SF)
SF,04,03,08,19,08,00,216317,2018-08-13,2020-12-01,Surabaya Factory (SF)
SF,04,03,08,19,08,00,216318,2018-08-13,,Surabaya Factory (SF)
SF,04,03,08,23,21,00,216319,2018-08-13,,Surabaya Factory (SF)
SF,04,03,08,24,26,00,216320,2018-08-15,2020-02-10,Surabaya Factory (SF)
SF,04,03,08,19,08,00,216322,2019-11-28,2026-08-01,Surabaya Factory (SF)
SF,04,03,08,18,06,00,216321,2018-08-15,2026-08-01,Surabaya Factory (SF)
SF,04,03,08,19,08,00,216323,2018-08-21,,Surabaya Factory (SF)
SF,04,04,08,27,30,00,207004,2018-07-21,,Bali Factory (BF)
SF,04,04,08,27,30,00,207005,2018-08-08,2025-06-21,Bali Factory (BF)
SF,04,03,08,24,26,00,216324,2018-08-28,2020-11-02,Surabaya Factory (SF)
LCI,01,03,05,12,00,00,100237,2018-09-07,2018-12-08,Surabaya Factory (SF)
SF,04,03,08,20,00,00,216325,2018-08-31,2019-05-01,Surabaya Factory (SF)
SF,04,03,08,19,08,00,216326,2018-08-31,2019-01-10,Surabaya Factory (SF)
SF,04,03,08,19,08,00,216327,2018-09-10,,Surabaya Factory (SF)
SF,04,03,08,19,08,00,216328,2018-09-10,2021-02-01,Surabaya Factory (SF)
SF,04,03,08,22,14,00,216329,2018-09-12,2019-05-01,Surabaya Factory (SF)
SF,04,03,08,21,11,00,216330,2018-09-12,2019-05-01,Surabaya Factory (SF)
SF,04,03,08,19,08,00,216331,2018-09-14,2019-09-04,Surabaya Factory (SF)
SF,04,04,08,27,30,00,207006,2018-09-02,,Bali Factory (BF)
SF,03,04,08,40,54,00,207007,2018-09-18,2020-11-23,Bali Factory (BF)
LCI,03,04,05,27,00,00,100238,2018-09-17,2021-08-10,Bali Factory (BF)
SF,04,04,08,27,30,00,207008,2018-10-21,,Bali Factory (BF)
SF,04,03,08,26,00,00,216332,2018-10-30,2019-05-01,Surabaya Factory (SF)
LCI,01,04,03,10,00,00,100239,2018-10-22,2024-08-09,Bali Factory (BF)
SF,04,03,08,19,08,00,216333,2018-10-30,2026-08-01,Surabaya Factory (SF)
SF,04,03,08,18,06,00,216334,2018-11-06,2018-12-06,Surabaya Factory (SF)
SF,04,03,08,18,06,00,216335,2018-11-05,2018-12-06,Surabaya Factory (SF)
SF,04,03,08,18,06,00,216336,2018-11-05,2018-11-30,Surabaya Factory (SF)
SF,04,03,08,18,06,00,216337,2018-11-05,2020-02-18,Surabaya Factory (SF)
SF,04,03,08,18,06,00,216338,2018-11-05,,Surabaya Factory (SF)
SF,04,03,08,18,06,00,216339,2018-11-05,2019-01-01,Surabaya Factory (SF)
SF,04,03,08,12,18,00,216340,2018-11-05,,Surabaya Factory (SF)
SF,03,04,08,28,31,00,207009,2018-11-01,2021-07-30,Bali Factory (BF)
SF,04,04,08,27,30,00,207010,2018-11-01,,Bali Factory (BF)
SF,04,03,08,12,15,00,216341,,2022-12-20,Surabaya Factory (SF)
SF,04,03,08,19,08,00,216342,2018-11-07,2026-08-01,Surabaya Factory (SF)
SF,04,03,08,19,08,00,216343,2018-11-13,2026-08-01,Surabaya Factory (SF)
SF,04,03,08,20,00,00,216344,2018-11-13,2021-02-01,Surabaya Factory (SF)
SF,04,03,08,19,08,00,216345,2018-11-13,,Surabaya Factory (SF)
SF,04,03,08,20,00,00,216346,2018-11-14,2018-12-14,Surabaya Factory (SF)
SF,04,03,08,12,18,00,216347,2018-11-14,2020-02-18,Surabaya Factory (SF)
SF,04,03,08,12,18,00,216348,2018-11-14,2019-09-20,Surabaya Factory (SF)
SF,04,03,08,18,06,00,216349,2018-11-14,2020-09-01,Surabaya Factory (SF)
SF,04,03,08,12,17,00,216350,2018-11-21,,Surabaya Factory (SF)
SF,04,03,08,18,06,00,216351,2018-11-21,,Surabaya Factory (SF)
SF,04,04,08,32,35,00,207011,2018-12-06,2025-05-21,Bali Factory (BF)
LCI,01,04,05,37,00,00,100240,2019-02-01,2024-10-19,Bali Factory (BF)
SF,04,04,08,38,49,00,207012,2019-01-24,2022-08-22,Bali Factory (BF)
SF,04,04,08,38,49,00,207013,2026-07-27,,Bali Factory (BF)
SF,03,04,08,32,36,00,207014,2019-01-24,2019-10-20,Bali Factory (BF)
SF,04,04,08,32,36,00,207015,,2022-11-16,Bali Factory (BF)
SF,04,04,08,32,36,00,207016,2019-01-24,2025-08-11,Bali Factory (BF)
SF,04,04,08,32,36,00,207017,2019-01-26,,Bali Factory (BF)
LCI,01,01,02,03,00,00,100241,2018-09-12,,Surabaya Office (SO)
LCI,02,04,05,03,00,00,100242,2019-02-26,2019-04-27,Bali Factory (BF)
SF,04,04,08,31,34,00,207019,2019-02-28,,Bali Factory (BF)
SF,04,04,08,40,55,00,207018,2019-02-28,,Bali Factory (BF)
SF,03,04,08,32,36,00,207020,2021-06-07,2022-01-06,Bali Factory (BF)
SF,04,04,08,34,38,00,207021,2019-02-28,2025-06-21,Bali Factory (BF)
SF,04,04,08,30,00,00,207022,,2022-09-17,Bali Factory (BF)
SF,04,04,08,31,34,00,207028,,2022-06-23,Bali Factory (BF)
SF,04,04,08,32,36,00,207027,2019-03-25,2022-12-13,Bali Factory (BF)
SF,03,04,08,12,15,00,207026,2019-03-19,2021-07-29,Bali Factory (BF)
SF,04,04,08,31,34,00,207025,,2022-07-20,Bali Factory (BF)
SF,04,04,08,36,46,00,207024,2023-02-06,2025-10-12,Bali Factory (BF)
SF,04,04,08,27,30,00,207023,2019-03-21,,Bali Factory (BF)
SF,04,04,08,28,50,00,207029,2019-04-29,2022-11-21,Bali Factory (BF)
SF,04,03,08,12,18,00,216352,2019-04-24,,Surabaya Factory (SF)
SF,04,03,08,12,18,00,216353,2019-04-27,2026-08-01,Surabaya Factory (SF)
SF,04,03,08,12,18,00,216354,2019-04-29,2020-09-01,Surabaya Factory (SF)
SF,04,03,08,12,18,00,216355,2019-05-06,,Surabaya Factory (SF)
SF,04,03,08,12,18,00,216356,2019-05-06,,Surabaya Factory (SF)
SF,04,03,08,12,18,00,216357,2019-05-08,,Surabaya Factory (SF)
SF,04,03,08,12,18,00,216358,2019-05-09,,Surabaya Factory (SF)
SF,04,03,08,12,18,00,216359,2019-05-09,2019-11-14,Surabaya Factory (SF)
SF,03,04,08,40,54,00,207030,2019-05-06,2021-12-05,Bali Factory (BF)
LCI,03,04,05,27,00,00,100252,2019-05-04,2022-04-09,Bali Factory (BF)
SF,03,04,08,32,36,00,207032,2019-05-21,2020-11-23,Bali Factory (BF)
SF,04,04,08,32,36,00,207033,2019-05-22,,Bali Factory (BF)
SF,04,04,07,32,36,00,207034,2019-05-23,,Bali Factory (BF)
SF,04,03,08,12,18,00,216360,2019-06-14,2019-09-20,Surabaya Factory (SF)
SF,04,04,08,36,45,00,216361,2019-06-14,,Bali Factory (BF)
SF,04,03,08,20,00,00,216362,2019-06-17,2021-02-01,Surabaya Factory (SF)
SF,04,03,08,20,00,00,216363,2019-06-17,2020-03-19,Surabaya Factory (SF)
SF,04,03,08,23,21,00,216364,2019-06-17,2026-08-01,Surabaya Factory (SF)
SF,04,03,08,20,00,00,216365,2019-06-17,2019-09-04,Surabaya Factory (SF)
SF,04,03,08,20,00,00,216366,2019-06-17,2019-09-25,Surabaya Factory (SF)
SF,04,04,07,28,50,00,207035,2019-06-18,,Bali Factory (BF)
SF,04,04,08,40,55,00,207036,2019-06-18,,Bali Factory (BF)
SF,04,04,07,36,45,00,207037,2019-06-18,,Bali Factory (BF)
SF,04,03,08,19,07,00,216367,2019-06-18,2020-07-20,Surabaya Factory (SF)
SF,04,03,08,19,07,00,216368,2019-06-18,,Surabaya Factory (SF)
SF,04,03,08,24,26,00,216369,2019-06-18,2019-12-09,Surabaya Factory (SF)
LCI,01,03,02,11,00,00,100243,2011-09-26,,Surabaya Factory (SF)
SF,04,03,08,19,08,00,216371,2019-06-18,,Surabaya Factory (SF)
SF,04,03,08,20,00,00,216370,2019-06-18,2020-01-22,Surabaya Factory (SF)
SF,04,03,08,23,21,00,216373,2019-06-18,,Surabaya Factory (SF)
SF,04,03,08,24,26,00,216372,2019-06-19,,Surabaya Factory (SF)
SF,04,03,08,23,19,00,216374,2019-06-19,,Surabaya Factory (SF)
SF,04,03,08,12,18,00,216376,2019-06-19,,Surabaya Factory (SF)
SF,04,03,08,12,15,00,216375,2019-06-19,2020-03-19,Surabaya Factory (SF)
SF,04,03,08,20,00,00,216378,2019-06-19,2019-09-04,Surabaya Factory (SF)
SF,04,03,08,20,00,00,216379,2019-06-19,2019-08-01,Surabaya Factory (SF)
SF,04,03,08,15,23,00,216380,2019-06-20,2021-02-01,Surabaya Factory (SF)
SF,04,03,08,23,19,00,216381,2019-06-20,2020-03-19,Surabaya Factory (SF)
SF,04,03,08,18,06,00,216382,2019-06-20,2020-02-10,Surabaya Factory (SF)
SF,04,03,08,19,08,00,216383,2019-06-20,2020-02-10,Surabaya Factory (SF)
SF,04,03,08,18,06,00,216384,2019-06-20,2026-08-31,Surabaya Factory (SF)
SF,04,03,08,18,06,00,216385,2019-06-20,2020-02-04,Surabaya Factory (SF)
SF,04,03,08,18,05,00,216386,2019-06-20,2019-11-14,Surabaya Factory (SF)
SF,04,03,08,19,08,00,216387,2019-06-20,2026-08-01,Surabaya Factory (SF)
SF,04,03,08,19,08,00,216388,2019-06-20,2021-02-01,Surabaya Factory (SF)
SF,04,03,08,19,08,00,216389,2019-06-20,,Surabaya Factory (SF)
SF,04,03,08,19,07,00,216390,2019-06-20,2020-02-04,Surabaya Factory (SF)
SF,04,03,08,18,06,00,216391,2019-06-20,2020-02-04,Surabaya Factory (SF)
SF,04,03,08,18,05,00,216392,2019-06-20,2019-09-04,Surabaya Factory (SF)
SF,04,03,08,19,07,00,216393,2019-06-20,2019-09-30,Surabaya Factory (SF)
SF,04,03,08,18,05,00,216394,2019-06-20,2020-02-04,Surabaya Factory (SF)
SF,04,03,08,12,18,00,216395,2019-06-20,,Surabaya Factory (SF)
SF,04,03,08,18,06,00,216396,2019-06-20,2020-02-04,Surabaya Factory (SF)
SF,04,03,08,18,06,00,216397,2019-06-20,2021-12-17,Surabaya Factory (SF)
SF,04,03,08,18,06,00,216400,2019-06-20,2020-02-10,Surabaya Factory (SF)
LCI,01,04,05,28,31,00,100253,2019-06-25,,Bali Factory (BF)
LCI,02,02,05,06,00,00,100244,2019-06-11,2019-08-16,Bali Office (BO)
LCI,01,02,05,06,00,00,100245,2019-06-11,,Bali Office (BO)
SF,04,03,08,19,08,00,216401,2023-02-02,2026-08-01,Surabaya Factory (SF)
SF,04,03,08,19,07,00,216418,2019-06-20,2020-03-19,Surabaya Factory (SF)
SF,04,03,08,19,08,00,216417,2019-06-20,2026-08-01,Surabaya Factory (SF)
SF,04,03,08,18,06,00,216406,2019-06-20,2019-07-21,Surabaya Factory (SF)
SF,04,03,08,18,06,00,216410,2019-06-20,2020-02-04,Surabaya Factory (SF)
SF,04,03,08,19,08,00,216411,2019-06-20,2026-08-01,Surabaya Factory (SF)
SF,04,03,08,18,06,00,216412,2019-06-20,2020-02-04,Surabaya Factory (SF)
SF,04,03,08,18,06,00,216413,2019-06-20,2020-02-04,Surabaya Factory (SF)
SF,04,03,08,18,06,00,216414,2019-06-20,2020-09-01,Surabaya Factory (SF)
SF,04,03,08,18,06,00,216415,2019-06-20,2020-02-04,Surabaya Factory (SF)
SF,04,03,08,19,08,00,216416,2019-06-20,2019-10-20,Surabaya Factory (SF)
SF,04,03,08,23,21,00,216409,2019-06-20,2021-12-22,Surabaya Factory (SF)
SF,04,03,08,18,06,00,216398,2019-06-20,2021-04-01,Surabaya Factory (SF)
SF,04,03,08,19,08,00,216408,2019-06-20,2026-08-01,Surabaya Factory (SF)
SF,04,03,08,19,07,00,216407,2019-06-20,2020-03-19,Surabaya Factory (SF)
SF,04,03,08,18,06,00,216399,2019-06-20,2020-01-13,Surabaya Factory (SF)
SF,04,03,08,19,08,00,216402,2019-06-20,2020-02-04,Surabaya Factory (SF)
SF,04,03,08,19,08,00,216403,2019-06-20,,Surabaya Factory (SF)
SF,04,03,08,19,08,00,216404,2019-06-20,2020-02-04,Surabaya Factory (SF)
SF,04,03,08,19,07,00,216405,2019-06-20,2020-02-04,Surabaya Factory (SF)
LCI,01,03,05,12,16,00,100246,2020-09-21,2020-07-30,Surabaya Factory (SF)
LCI,01,03,05,11,00,00,100247,1984-11-08,,Surabaya Factory (SF)
SF,04,03,08,19,08,00,216436,2019-06-20,2020-01-13,Surabaya Factory (SF)
SF,04,03,08,24,26,00,216435,2019-06-20,2020-01-13,Surabaya Factory (SF)
SF,04,03,08,19,08,00,216437,2019-06-26,,Surabaya Factory (SF)
SF,04,03,08,19,08,00,216438,2019-06-26,2026-08-01,Surabaya Factory (SF)
SF,04,03,08,20,00,00,216439,2019-06-26,2019-12-09,Surabaya Factory (SF)
SF,04,03,08,18,06,00,216440,2019-06-26,2026-08-01,Surabaya Factory (SF)
SF,04,03,08,20,00,00,216441,2019-06-26,2020-02-04,Surabaya Factory (SF)
SF,04,03,08,20,00,00,216442,2019-06-26,2020-02-04,Surabaya Factory (SF)
SF,04,03,08,20,00,00,216443,2019-06-26,2020-02-04,Surabaya Factory (SF)
SF,04,03,08,20,00,00,216444,2019-06-26,2020-02-04,Surabaya Factory (SF)
SF,04,03,08,19,08,00,216419,2019-06-21,2021-12-22,Surabaya Factory (SF)
SF,04,03,08,18,06,00,216420,2019-06-21,2019-09-04,Surabaya Factory (SF)
SF,04,03,08,18,06,00,216421,2019-06-21,2020-02-04,Surabaya Factory (SF)
SF,04,03,08,19,08,00,216422,2019-06-22,2019-09-20,Surabaya Factory (SF)
SF,04,03,08,19,07,00,216423,2019-06-22,2021-12-22,Surabaya Factory (SF)
SF,04,03,08,19,08,00,216424,2019-06-22,2019-11-14,Surabaya Factory (SF)
SF,04,03,08,19,08,00,216425,2019-06-24,2019-09-04,Surabaya Factory (SF)
SF,04,03,08,12,16,00,216426,2019-06-24,2020-02-04,Surabaya Factory (SF)
SF,04,03,08,18,06,00,216428,2019-06-24,2026-08-01,Surabaya Factory (SF)
SF,04,03,08,19,08,00,216427,2019-06-24,2026-08-01,Surabaya Factory (SF)
SF,04,03,08,20,00,00,216430,2019-06-24,2021-12-22,Surabaya Factory (SF)
SF,04,03,08,19,08,00,216431,2019-06-24,2026-08-01,Surabaya Factory (SF)
SF,04,03,08,18,06,00,216432,2019-06-24,2021-03-01,Surabaya Factory (SF)
SF,04,03,08,18,06,00,216445,2019-06-26,2020-02-04,Surabaya Factory (SF)
SF,04,03,08,19,08,00,216446,2019-06-26,2019-09-20,Surabaya Factory (SF)
SF,04,03,08,19,08,00,216433,2019-06-25,2021-12-22,Surabaya Factory (SF)
SF,04,03,08,19,08,00,216434,2019-06-25,2020-02-04,Surabaya Factory (SF)
SF,04,03,08,18,06,00,216429,2019-06-24,,Surabaya Factory (SF)
SF,04,03,08,18,05,00,216447,2019-06-27,2026-08-01,Surabaya Factory (SF)
SF,04,03,08,18,06,00,216448,2019-06-27,2026-08-01,Surabaya Factory (SF)
SF,04,03,08,19,07,00,216449,2023-02-24,2026-08-01,Surabaya Factory (SF)
SF,04,03,08,18,06,00,216450,2019-06-28,,Surabaya Factory (SF)
SF,04,03,08,18,06,00,216451,2019-06-28,2020-01-13,Surabaya Factory (SF)
SF,04,03,08,19,08,00,216453,2019-06-29,2021-01-05,Surabaya Factory (SF)
SF,04,03,08,19,08,00,216454,2019-06-29,2019-12-09,Surabaya Factory (SF)
SF,04,03,08,19,08,00,216455,2019-06-29,2019-09-20,Surabaya Factory (SF)
SF,04,03,08,19,08,00,216452,2019-06-29,2020-02-04,Surabaya Factory (SF)
SF,04,03,08,19,08,00,216457,2019-07-01,2020-11-02,Surabaya Factory (SF)
SF,04,03,08,19,08,00,216458,2019-07-01,2019-09-20,Surabaya Factory (SF)
SF,04,03,08,19,09,00,216456,2019-07-01,2019-09-04,Surabaya Factory (SF)
SF,04,03,08,24,26,00,216459,2019-07-04,2026-08-01,Surabaya Factory (SF)
SF,04,03,08,19,08,00,216460,2019-07-04,2021-12-22,Surabaya Factory (SF)
SF,04,03,08,24,26,00,216461,2019-07-05,2019-12-09,Surabaya Factory (SF)
SF,04,03,08,19,09,00,216462,2019-07-05,2020-02-04,Surabaya Factory (SF)
SF,04,03,08,24,26,00,216463,2019-07-05,2026-08-01,Surabaya Factory (SF)
SF,04,04,08,32,36,00,207039,2019-07-09,2023-01-21,Bali Factory (BF)
SF,04,03,08,24,26,00,216464,2019-07-09,2020-03-19,Surabaya Factory (SF)
SF,04,03,08,20,00,00,216465,2019-07-09,2020-12-01,Surabaya Factory (SF)
SF,04,03,08,20,00,00,216466,2019-07-09,2019-09-04,Surabaya Factory (SF)
SF,04,03,08,19,08,00,216467,2019-07-09,2019-12-09,Surabaya Factory (SF)
SF,04,03,08,23,21,00,216468,2019-07-09,2021-02-01,Surabaya Factory (SF)
SF,04,03,08,19,08,00,216469,2019-07-09,2019-12-09,Surabaya Factory (SF)
SF,04,03,08,19,08,00,216470,2019-07-09,2019-12-09,Surabaya Factory (SF)
SF,04,03,08,19,08,00,216471,2019-07-09,2019-12-09,Surabaya Factory (SF)
SF,04,03,08,20,00,00,216472,2019-07-09,2021-02-01,Surabaya Factory (SF)
SF,04,03,08,20,00,00,216473,2019-07-10,2020-04-17,Surabaya Factory (SF)
SF,04,03,08,19,08,00,216474,2019-07-10,2026-08-01,Surabaya Factory (SF)
SF,04,03,08,19,08,00,216475,2019-07-10,2019-10-20,Surabaya Factory (SF)
SF,04,03,08,20,00,00,216476,2019-07-10,2021-02-01,Surabaya Factory (SF)
SF,04,03,08,19,08,00,216477,2019-07-11,2021-01-05,Surabaya Factory (SF)
SF,04,03,08,24,26,00,216480,2019-07-15,2020-02-04,Surabaya Factory (SF)
SF,04,03,08,19,07,00,216479,2019-07-15,2026-08-01,Surabaya Factory (SF)
SF,04,03,08,18,06,00,216478,2019-07-15,,Surabaya Factory (SF)
SF,04,03,08,24,26,00,216481,2019-07-15,2020-01-13,Surabaya Factory (SF)
SF,04,03,08,19,08,00,216482,2019-07-17,,Surabaya Factory (SF)
SF,04,03,08,12,16,00,216483,2019-07-19,2020-03-19,Surabaya Factory (SF)
SF,04,03,08,20,00,00,216484,2019-07-19,2020-02-04,Surabaya Factory (SF)
SF,04,04,08,27,30,00,207040,2019-07-21,,Bali Factory (BF)
SF,04,03,08,19,07,00,216485,2019-07-22,2019-09-04,Surabaya Factory (SF)
SF,03,04,08,36,46,00,207041,2019-07-15,2020-11-23,Bali Factory (BF)
SF,04,04,08,33,00,00,207042,,2022-06-17,Bali Factory (BF)
SF,04,04,08,30,00,00,207043,2019-07-29,2023-08-26,Bali Factory (BF)
SF,04,03,08,19,08,00,216486,2019-07-25,2020-11-02,Surabaya Factory (SF)
SF,04,03,08,12,15,00,216487,2019-07-27,2021-02-01,Surabaya Factory (SF)
SF,04,03,08,23,21,00,216488,2019-07-27,2021-02-01,Surabaya Factory (SF)
SF,04,03,08,19,08,00,216489,2019-07-29,2019-09-20,Surabaya Factory (SF)
SF,04,03,08,19,07,00,216491,2019-08-08,,Surabaya Factory (SF)
SF,04,03,08,20,00,00,216493,2019-08-30,2019-11-14,Surabaya Factory (SF)
SF,04,03,08,19,08,00,216490,2019-09-04,2019-09-04,Surabaya Factory (SF)
SF,04,03,08,19,08,00,216492,2018-08-02,2020-02-04,Surabaya Factory (SF)
SF,04,04,08,34,38,00,207044,,2022-10-01,Bali Factory (BF)
SF,04,04,07,32,36,00,207045,2019-09-17,,Bali Factory (BF)
SF,04,03,08,19,07,00,216494,2019-09-21,2020-02-04,Surabaya Factory (SF)
SF,04,03,08,19,07,00,216495,2019-09-21,2020-01-13,Surabaya Factory (SF)
SF,04,03,08,19,07,00,216496,2019-09-21,2019-12-09,Surabaya Factory (SF)
SF,04,03,08,19,07,00,216497,2019-09-21,,Surabaya Factory (SF)
SF,04,03,08,19,07,00,216498,2019-09-21,2020-11-02,Surabaya Factory (SF)
SF,04,03,08,19,07,00,216504,,2022-12-20,Surabaya Factory (SF)
SF,04,03,08,19,07,00,216501,2019-09-21,2020-09-07,Surabaya Factory (SF)
SF,04,03,08,19,07,00,216502,2019-09-21,2020-01-13,Surabaya Factory (SF)
SF,04,03,08,19,07,00,216499,2019-09-21,2020-08-03,Surabaya Factory (SF)
SF,04,03,08,19,07,00,216503,2019-09-21,2020-02-04,Surabaya Factory (SF)
SF,04,04,08,39,51,00,207046,2019-09-21,2026-01-10,Bali Factory (BF)
SF,04,04,08,32,36,00,207047,2019-09-25,,Bali Factory (BF)
SF,04,04,07,31,34,00,207048,2023-02-01,,Bali Factory (BF)
SF,04,04,08,30,00,00,207049,2019-09-25,2024-05-20,Bali Factory (BF)
SF,04,03,08,19,07,00,216514,2019-09-26,2021-12-22,Surabaya Factory (SF)
SF,04,03,08,19,08,00,216515,2019-09-26,2026-08-01,Surabaya Factory (SF)
SF,04,03,08,19,07,00,216516,2019-09-26,2020-01-13,Surabaya Factory (SF)
SF,04,03,08,19,07,00,216510,2019-09-25,2020-08-03,Surabaya Factory (SF)
SF,04,03,08,19,07,00,216511,2019-09-25,2021-12-22,Surabaya Factory (SF)
SF,04,03,08,19,07,00,216512,2019-09-25,2020-01-13,Surabaya Factory (SF)
SF,04,03,08,19,07,00,216517,2019-09-27,2020-02-04,Surabaya Factory (SF)
SF,04,03,08,18,06,00,216505,2019-09-24,2020-02-04,Surabaya Factory (SF)
SF,04,03,08,18,06,00,216513,2019-09-24,2020-02-04,Surabaya Factory (SF)
SF,04,03,08,18,06,00,216509,2019-09-25,2020-11-02,Surabaya Factory (SF)
SF,04,03,08,20,00,00,216508,2019-09-25,2021-12-22,Surabaya Factory (SF)
SF,04,03,08,20,00,00,216507,2019-09-25,2019-11-14,Surabaya Factory (SF)
SF,04,03,08,23,21,00,216506,2019-09-25,,Surabaya Factory (SF)
SF,04,03,08,19,07,00,216519,2019-09-26,2020-02-04,Surabaya Factory (SF)
SF,04,03,08,19,07,00,216518,2019-09-26,2020-01-13,Surabaya Factory (SF)
SF,04,03,08,12,18,00,216521,2019-09-26,2020-07-20,Surabaya Factory (SF)
SF,04,03,08,12,18,00,216520,2019-09-26,2020-02-04,Surabaya Factory (SF)
SF,04,03,08,12,18,00,216522,2019-09-26,2020-02-04,Surabaya Factory (SF)
SF,04,03,08,12,18,00,216523,2019-09-26,2020-02-04,Surabaya Factory (SF)
SF,04,03,08,12,18,00,216524,2019-09-26,2020-07-20,Surabaya Factory (SF)
SF,04,03,08,12,18,00,216525,2019-09-26,2020-02-04,Surabaya Factory (SF)
SF,04,03,08,18,06,00,216526,2019-09-26,2020-04-15,Surabaya Factory (SF)
SF,04,03,08,12,18,00,216527,2019-09-26,2019-12-21,Surabaya Factory (SF)
SF,04,03,08,12,18,00,216528,2019-09-26,,Surabaya Factory (SF)
SF,04,03,08,12,18,00,216529,2019-09-25,2020-02-04,Surabaya Factory (SF)
SF,04,03,08,12,18,00,216530,2019-09-26,2019-12-21,Surabaya Factory (SF)
SF,04,03,08,12,18,00,216531,2019-09-26,2019-11-14,Surabaya Factory (SF)
SF,04,03,08,12,18,00,216532,2019-09-26,2020-11-02,Surabaya Factory (SF)
SF,04,03,08,19,07,00,216533,2019-09-27,2021-12-22,Surabaya Factory (SF)
SF,04,03,08,19,07,00,216534,2019-09-27,2019-09-30,Surabaya Factory (SF)
SF,04,03,08,19,07,00,216535,2019-09-27,2019-09-30,Surabaya Factory (SF)
SF,04,03,08,19,07,00,216536,2019-09-28,2019-10-20,Surabaya Factory (SF)
SF,04,03,08,19,07,00,216537,2019-09-28,2020-01-13,Surabaya Factory (SF)
SF,04,03,08,22,14,00,216538,2019-10-01,2020-02-04,Surabaya Factory (SF)
SF,04,03,08,12,18,00,216539,2019-10-02,,Surabaya Factory (SF)
SF,04,03,08,19,08,00,216540,2019-10-07,2020-02-04,Surabaya Factory (SF)
SF,04,03,08,19,08,00,216541,2019-10-07,2020-01-13,Surabaya Factory (SF)
SF,04,03,08,19,08,00,216542,2019-10-07,2020-01-13,Surabaya Factory (SF)
SF,03,04,08,40,53,00,207050,2019-10-21,2020-04-20,Bali Factory (BF)
SF,04,04,07,31,34,00,207051,2019-11-01,,Bali Factory (BF)
SF,04,04,08,38,49,00,207052,2019-11-02,2023-05-20,Bali Factory (BF)
SF,04,03,00,18,06,00,216543,2019-11-11,2020-01-13,Surabaya Factory (SF)
SF,04,03,08,18,06,00,216544,2019-11-12,2019-12-09,Surabaya Factory (SF)
SF,04,03,08,18,06,00,216545,2019-11-12,2020-01-13,Surabaya Factory (SF)
LCI,01,04,05,36,15,00,100248,2019-10-28,2024-06-20,Bali Factory (BF)
SF,04,03,08,24,26,00,216546,2019-11-18,2023-02-01,Surabaya Factory (SF)
SF,04,04,08,32,36,00,207053,2019-11-11,,Bali Factory (BF)
SF,04,04,08,32,37,00,207054,2019-11-11,,Bali Factory (BF)
SF,04,04,08,36,43,00,207055,2019-11-11,,Bali Factory (BF)
SF,04,03,08,19,08,00,216548,2019-11-23,2020-02-04,Surabaya Factory (SF)
SF,04,03,08,19,08,00,216549,2019-11-23,2020-02-04,Surabaya Factory (SF)
SF,04,03,08,19,08,00,216550,2019-11-23,2020-02-04,Surabaya Factory (SF)
SF,04,03,08,16,29,00,216551,2019-11-26,,Surabaya Factory (SF)
SF,04,03,08,19,08,00,216552,2019-11-26,,Surabaya Factory (SF)
SF,04,03,08,19,08,00,216553,2019-11-27,2020-02-04,Surabaya Factory (SF)
SF,04,03,08,19,07,00,216547,2019-11-22,2026-08-01,Surabaya Factory (SF)
SF,04,03,08,20,00,00,216555,2019-11-28,2020-02-04,Surabaya Factory (SF)
SF,04,03,08,20,00,00,216554,2019-11-28,2020-02-04,Surabaya Factory (SF)
SF,04,03,08,18,06,00,216556,2019-11-28,2020-02-04,Surabaya Factory (SF)
SF,04,04,08,33,00,00,207056,2019-11-27,,Bali Factory (BF)
SF,04,04,08,39,51,00,207057,2022-12-21,2023-06-20,Bali Factory (BF)
SF,04,04,07,32,36,00,207058,2020-01-08,,Bali Factory (BF)
SF,03,04,08,24,26,00,207059,2020-02-13,2020-11-23,Bali Factory (BF)
SF,04,03,08,24,26,00,216557,2020-03-03,,Surabaya Factory (SF)
SF,04,03,08,18,05,00,216558,2020-03-09,2020-08-25,Surabaya Factory (SF)
SF,04,03,00,24,24,00,216559,2020-03-11,2021-12-20,Surabaya Factory (SF)
SF,04,03,08,24,24,00,216560,2020-03-17,2021-01-06,Surabaya Factory (SF)
SF,04,03,08,12,16,00,216561,2020-05-26,2020-09-03,Surabaya Factory (SF)
SF,04,03,08,12,17,00,216562,2020-07-24,2026-08-01,Surabaya Factory (SF)
SF,04,03,08,12,16,00,216563,2020-09-14,2021-02-01,Surabaya Factory (SF)
SF,04,04,08,38,49,00,207060,2023-03-15,,Bali Factory (BF)
SF,03,04,08,32,37,00,207061,2021-03-01,2021-12-31,Bali Factory (BF)
SF,04,04,08,32,36,00,207062,2021-03-01,2022-06-10,Bali Factory (BF)
SF,03,04,08,32,36,00,207063,2021-03-01,2021-11-24,Bali Factory (BF)
SF,04,04,08,32,37,00,207064,2022-06-29,,Bali Factory (BF)
SF,04,04,08,40,55,00,207065,2021-03-01,,Bali Factory (BF)
SF,03,04,08,32,36,00,207066,2021-03-01,2021-04-05,Bali Factory (BF)
SF,04,04,08,36,46,00,207067,2021-03-01,,Bali Factory (BF)
SF,04,04,08,32,36,00,207068,2023-03-01,,Bali Factory (BF)
SF,04,04,08,32,35,00,207069,2025-09-17,2025-12-13,Bali Factory (BF)
SF,04,04,08,33,00,00,207070,,2022-06-13,Bali Factory (BF)
SF,04,04,08,32,36,00,207071,2022-01-24,2023-11-27,Bali Factory (BF)
SF,04,04,08,32,36,00,207072,,2022-10-01,Bali Factory (BF)
SF,03,04,08,32,36,00,207073,2021-03-22,2022-04-10,Bali Factory (BF)
SF,04,04,08,33,00,00,207074,2021-03-22,,Bali Factory (BF)
SF,03,04,08,32,36,00,207075,2021-03-25,2021-10-16,Bali Factory (BF)
SF,04,04,08,31,33,00,207076,2023-03-23,2023-10-24,Bali Factory (BF)
SF,04,04,08,32,36,00,207077,2021-03-26,2022-12-21,Bali Factory (BF)
SF,04,04,08,34,38,00,207078,2021-03-17,2023-12-29,Bali Factory (BF)
SF,03,04,08,32,36,00,207079,2021-03-26,2021-12-24,Bali Factory (BF)
SF,04,04,08,32,36,00,207080,,2022-10-01,Bali Factory (BF)
SF,03,04,08,32,36,00,207081,2021-03-26,2021-12-11,Bali Factory (BF)
SF,04,04,08,33,00,00,207082,2021-03-30,,Bali Factory (BF)
SF,03,04,08,32,36,00,207083,2021-03-30,2021-12-15,Bali Factory (BF)
SF,04,04,08,32,36,00,207084,2023-01-23,2026-05-29,Bali Factory (BF)
SF,04,04,08,32,36,00,207085,2022-07-20,2022-07-25,Bali Factory (BF)
SF,04,04,08,32,36,00,207086,2023-03-01,,Bali Factory (BF)
SF,03,04,08,32,36,00,207087,2021-04-05,2021-12-31,Bali Factory (BF)
SF,03,04,08,32,36,00,207088,2021-04-05,2021-12-31,Bali Factory (BF)
SF,04,04,07,31,34,00,207089,2021-04-07,,Bali Factory (BF)
SF,04,04,08,31,34,00,207090,2026-08-03,,Bali Factory (BF)
SF,04,04,08,31,34,00,207091,2021-04-08,,Bali Factory (BF)
SF,04,04,08,31,34,00,207092,2021-06-16,2022-12-13,Bali Factory (BF)
SF,03,04,08,32,36,00,207093,2021-04-19,2021-09-03,Bali Factory (BF)
SF,04,04,08,31,34,00,207094,2022-08-02,2026-06-26,Bali Factory (BF)
SF,04,04,08,38,49,00,207095,2021-04-19,,Bali Factory (BF)
SF,04,04,08,31,34,00,207096,2022-07-11,,Bali Factory (BF)
SF,04,04,08,36,45,00,207097,2024-04-17,2026-04-11,Bali Factory (BF)
SF,04,04,08,38,49,00,207098,2021-04-20,,Bali Factory (BF)
SF,04,04,08,30,00,00,207099,2021-04-20,,Bali Factory (BF)
SF,04,04,08,40,53,00,207100,2021-04-21,2022-12-31,Bali Factory (BF)
SF,04,04,08,39,51,00,207101,2024-05-20,2024-10-26,Bali Factory (BF)
SF,03,04,08,32,36,00,207102,2021-04-20,2021-12-11,Bali Factory (BF)
SF,03,04,08,32,36,00,207103,2021-04-22,2021-11-24,Bali Factory (BF)
SF,04,04,08,32,35,00,207104,2021-04-20,,Bali Factory (BF)
SF,04,04,08,36,45,00,207105,2026-07-20,,Bali Factory (BF)
SF,04,04,08,32,36,00,207106,2021-04-20,2022-11-26,Bali Factory (BF)
SF,03,04,08,32,36,00,207107,2021-04-21,2021-12-11,Bali Factory (BF)
SF,03,04,08,32,36,00,207108,2021-04-21,2021-10-29,Bali Factory (BF)
SF,03,04,08,32,36,00,207109,2021-04-22,2022-04-14,Bali Factory (BF)
SF,03,04,08,31,34,00,207110,2021-04-21,2021-12-24,Bali Factory (BF)
SF,04,04,08,40,55,00,207111,2023-02-01,,Bali Factory (BF)
SF,04,04,08,36,44,00,207112,,2022-06-20,Bali Factory (BF)
SF,04,04,08,33,00,00,207113,2021-04-29,2023-04-15,Bali Factory (BF)
SF,04,04,08,38,49,00,207114,,2022-09-17,Bali Factory (BF)
SF,03,04,08,32,36,00,207115,2021-04-29,2021-09-24,Bali Factory (BF)
SF,04,04,08,32,36,00,207116,2023-03-03,,Bali Factory (BF)
SF,03,04,08,31,34,00,207117,2021-04-29,2021-11-24,Bali Factory (BF)
SF,04,04,08,30,00,00,207118,2021-04-29,,Bali Factory (BF)
SF,04,04,08,31,34,00,207119,2023-03-20,2024-03-23,Bali Factory (BF)
SF,04,04,08,31,34,00,207120,2022-07-05,2024-03-20,Bali Factory (BF)
SF,04,04,08,31,34,00,207121,2022-08-18,2022-12-21,Bali Factory (BF)
SF,03,04,08,31,34,00,207122,2021-04-29,2021-11-24,Bali Factory (BF)
SF,04,04,08,33,00,00,207134,2023-03-03,2023-04-10,Bali Factory (BF)
SF,04,04,08,33,00,00,207133,,2022-11-30,Bali Factory (BF)
SF,04,04,08,38,49,00,207123,2021-05-10,,Bali Factory (BF)
SF,04,04,08,33,00,00,207124,2023-03-03,2023-06-20,Bali Factory (BF)
SF,04,04,08,31,34,00,207125,2021-05-11,2025-05-19,Bali Factory (BF)
SF,03,04,08,32,36,00,207126,2021-05-11,2022-04-12,Bali Factory (BF)
SF,03,04,08,32,36,00,207127,2021-05-12,2021-12-11,Bali Factory (BF)
SF,04,04,08,36,43,00,207128,2021-05-19,,Bali Factory (BF)
SF,03,04,08,31,34,00,207129,2021-05-19,2021-12-24,Bali Factory (BF)
SF,03,04,08,31,34,00,207130,2021-05-19,2021-09-03,Bali Factory (BF)
SF,03,04,08,31,34,00,207131,2021-05-19,2021-11-24,Bali Factory (BF)
SF,04,04,08,31,34,00,207132,2021-05-19,2023-02-02,Bali Factory (BF)
SF,04,03,08,18,06,00,216586,2021-05-24,2021-08-05,Surabaya Factory (SF)
SF,04,03,08,18,06,00,216585,2021-05-24,2021-08-05,Surabaya Factory (SF)
SF,04,03,08,18,06,00,216584,2021-05-24,2021-08-05,Surabaya Factory (SF)
SF,04,03,08,18,06,00,216583,2021-05-24,2021-08-05,Surabaya Factory (SF)
SF,04,03,08,18,06,00,216582,2021-05-24,2021-08-05,Surabaya Factory (SF)
LCI,01,04,05,29,00,00,100254,2021-06-08,2024-01-22,Bali Factory (BF)
SF,04,04,08,32,36,00,207135,,2022-09-14,Bali Factory (BF)
SF,03,04,08,32,36,00,207136,2021-05-28,2021-12-17,Bali Factory (BF)
SF,04,04,08,33,00,00,207137,,2022-11-16,Bali Factory (BF)
SF,04,04,08,31,34,00,207138,2021-06-07,,Bali Factory (BF)
SF,04,04,08,33,00,00,207139,,2022-06-20,Bali Factory (BF)
SF,03,04,08,33,00,00,207140,2021-06-07,2022-01-06,Bali Factory (BF)
SF,04,04,08,32,36,00,207141,2023-01-23,,Bali Factory (BF)
SF,04,04,08,31,34,00,207142,2021-06-17,2022-12-21,Bali Factory (BF)
SF,03,04,08,31,34,00,207143,,2021-07-23,Bali Factory (BF)
SF,04,04,08,38,49,00,207144,2024-03-12,,Bali Factory (BF)
SF,04,04,08,35,40,00,207145,2021-06-11,2022-06-22,Bali Factory (BF)
SF,04,04,08,35,40,00,207146,2021-06-11,2023-05-21,Bali Factory (BF)
SF,04,04,08,38,49,00,207147,2021-06-11,,Bali Factory (BF)
SF,04,04,08,33,00,00,207148,2021-06-30,,Bali Factory (BF)
SF,04,04,08,38,49,00,207149,2023-03-14,2024-10-24,Bali Factory (BF)
SF,04,04,08,33,00,00,207150,2023-03-14,2023-11-27,Bali Factory (BF)
SF,03,04,08,33,00,00,207151,2021-06-30,2021-12-24,Bali Factory (BF)
SF,04,03,08,12,18,00,216593,2021-07-31,2021-08-05,Surabaya Factory (SF)
SF,04,03,08,12,18,00,216594,2021-07-31,2021-08-05,Surabaya Factory (SF)
SF,03,04,08,36,44,00,207152,2021-07-27,2021-12-24,Bali Factory (BF)
SF,03,04,08,36,43,00,207153,2021-07-27,2021-10-26,Bali Factory (BF)
SF,03,04,08,33,00,00,207154,2021-07-27,2022-04-10,Bali Factory (BF)
SF,03,04,08,32,36,00,207155,2021-07-28,2021-10-27,Bali Factory (BF)
SF,03,04,08,32,36,00,207156,2021-07-28,2021-11-21,Bali Factory (BF)
SF,03,04,08,32,36,00,207157,2021-07-28,2021-12-31,Bali Factory (BF)
SF,04,04,08,31,34,00,207158,2023-01-23,,Bali Factory (BF)
SF,03,04,08,31,34,00,207159,2021-08-03,2021-11-24,Bali Factory (BF)
SF,04,03,08,12,18,00,216654,2021-09-13,2021-12-07,Surabaya Factory (SF)
SF,04,03,08,12,18,00,216653,2021-09-13,2021-12-07,Surabaya Factory (SF)
SF,04,03,08,12,18,00,216652,2021-09-13,2021-12-07,Surabaya Factory (SF)
SF,04,03,08,12,18,00,216651,2021-09-13,2021-12-07,Surabaya Factory (SF)
SF,04,03,08,12,18,00,216650,2021-09-13,2021-12-07,Surabaya Factory (SF)
SF,04,03,08,12,18,00,216649,2021-09-13,2021-12-07,Surabaya Factory (SF)
SF,04,03,08,19,07,00,216659,2021-10-01,2021-12-22,Surabaya Factory (SF)
SF,04,03,08,19,07,00,216698,2021-10-01,2021-10-18,Surabaya Factory (SF)
SF,04,03,08,19,08,00,216704,2021-10-14,2021-12-22,Surabaya Factory (SF)
SF,04,03,08,12,17,00,216710,2021-10-14,2026-08-01,Surabaya Factory (SF)
SF,04,03,08,19,07,00,216696,2021-10-14,2021-12-22,Surabaya Factory (SF)
SF,04,03,08,19,08,00,216703,2021-10-14,,Surabaya Factory (SF)
SF,04,03,08,19,07,00,216708,2021-10-14,,Surabaya Factory (SF)
SF,04,03,08,19,07,00,216603,2021-10-14,2021-12-22,Surabaya Factory (SF)
SF,04,03,08,19,08,00,216709,2021-10-14,2021-12-22,Surabaya Factory (SF)
SF,04,03,08,19,08,00,216700,2021-10-14,2021-12-22,Surabaya Factory (SF)
SF,04,03,08,19,08,00,216706,2023-08-07,2026-08-01,Surabaya Factory (SF)
SF,04,03,08,19,08,00,216602,2021-10-14,2026-08-01,Surabaya Factory (SF)
SF,04,03,08,19,08,00,216705,2021-10-14,2021-12-22,Surabaya Factory (SF)
SF,04,03,08,19,08,00,216707,2021-10-14,2021-12-22,Surabaya Factory (SF)
SF,04,03,08,19,07,00,216633,2021-10-14,2021-12-22,Surabaya Factory (SF)
SF,04,03,08,19,07,00,216701,2021-10-14,2021-12-22,Surabaya Factory (SF)
SF,04,03,08,19,08,00,216608,2021-10-14,2026-08-01,Surabaya Factory (SF)
SF,04,03,08,19,08,00,216699,2021-10-14,2021-12-22,Surabaya Factory (SF)
SF,04,03,08,19,07,00,216691,2021-10-14,2026-08-01,Surabaya Factory (SF)
SF,04,03,08,18,06,00,216694,2021-10-14,2026-08-01,Surabaya Factory (SF)
SF,04,03,08,19,08,00,216680,2021-10-14,2021-12-22,Surabaya Factory (SF)
SF,04,03,08,12,16,00,216693,2021-10-14,2026-08-01,Surabaya Factory (SF)
SF,04,03,08,19,08,00,216695,2021-10-14,2021-12-22,Surabaya Factory (SF)
SF,04,03,08,24,26,00,216663,2021-10-14,2021-12-24,Surabaya Factory (SF)
SF,04,03,08,24,26,00,216656,2021-10-14,2026-08-01,Surabaya Factory (SF)
SF,04,03,08,24,26,00,216682,2021-10-14,2026-08-01,Surabaya Factory (SF)
SF,04,03,08,24,26,00,216658,2021-10-14,2021-12-17,Surabaya Factory (SF)
SF,04,03,08,23,21,00,216664,2021-10-14,2021-10-18,Surabaya Factory (SF)
SF,04,03,08,12,15,00,216632,2021-10-14,2021-10-18,Surabaya Factory (SF)
SF,04,03,08,12,18,00,216630,2021-10-14,2026-08-01,Surabaya Factory (SF)
SF,04,03,08,12,15,00,216631,2021-10-14,2021-10-18,Surabaya Factory (SF)
SF,04,03,08,12,18,00,216595,2021-10-14,2026-08-31,Surabaya Factory (SF)
SF,04,03,08,12,18,00,216643,,2022-12-20,Surabaya Factory (SF)
SF,04,03,08,12,15,00,216642,2021-10-14,,Surabaya Factory (SF)
SF,04,03,08,19,08,00,216629,2021-10-14,,Surabaya Factory (SF)
SF,04,03,08,23,21,00,216660,2021-10-14,2026-08-01,Surabaya Factory (SF)
SF,04,03,08,19,08,00,216665,2021-10-14,2026-08-01,Surabaya Factory (SF)
SF,04,03,08,23,21,00,216598,2021-10-14,,Surabaya Factory (SF)
SF,04,03,08,23,21,00,216601,2021-10-14,,Surabaya Factory (SF)
SF,04,03,08,19,07,00,216657,2021-10-14,2026-08-01,Surabaya Factory (SF)
SF,04,03,08,23,21,00,216666,2021-10-14,2021-10-18,Surabaya Factory (SF)
SF,04,03,08,23,21,00,216679,2021-10-14,2026-08-01,Surabaya Factory (SF)
SF,04,03,08,19,08,00,216614,2021-10-14,2026-08-01,Surabaya Factory (SF)
SF,04,03,08,24,26,00,216648,2021-10-14,2021-12-17,Surabaya Factory (SF)
SF,04,03,08,24,26,00,216647,2021-10-14,2026-08-01,Surabaya Factory (SF)
SF,04,03,08,24,26,00,216655,2021-10-14,2021-12-24,Surabaya Factory (SF)
SF,04,03,08,18,06,00,216640,2021-10-14,2026-08-01,Surabaya Factory (SF)
SF,04,03,08,18,05,00,216670,2021-10-14,2026-08-01,Surabaya Factory (SF)
SF,04,03,08,18,05,00,216678,2021-10-14,2026-08-01,Surabaya Factory (SF)
SF,04,03,08,18,06,00,216677,2021-10-14,2021-12-24,Surabaya Factory (SF)
SF,04,03,08,18,06,00,216661,2021-10-14,2021-12-17,Surabaya Factory (SF)
SF,04,03,08,18,06,00,216668,2021-10-14,2026-08-01,Surabaya Factory (SF)
SF,04,03,08,18,05,00,216669,2021-10-14,,Surabaya Factory (SF)
SF,04,03,08,18,06,00,216674,2021-10-14,2026-08-01,Surabaya Factory (SF)
SF,04,03,08,18,06,00,216628,2021-10-14,2026-08-01,Surabaya Factory (SF)
SF,04,03,08,18,06,00,216613,2021-10-14,2026-08-01,Surabaya Factory (SF)
SF,04,03,08,18,06,00,216641,2021-10-14,2026-08-31,Surabaya Factory (SF)
SF,04,03,08,18,06,00,216599,2021-10-14,2026-08-01,Surabaya Factory (SF)
SF,04,03,08,18,06,00,216672,2021-10-14,2021-12-24,Surabaya Factory (SF)
SF,04,03,08,18,05,00,216671,2021-10-14,2021-12-24,Surabaya Factory (SF)
SF,04,03,08,18,06,00,216676,,2022-12-20,Surabaya Factory (SF)
SF,04,03,08,18,06,00,216634,2021-10-14,2021-12-17,Surabaya Factory (SF)
SF,04,03,08,18,06,00,216635,2021-10-14,,Surabaya Factory (SF)
SF,04,03,08,19,08,00,216616,2021-10-14,2021-12-22,Surabaya Factory (SF)
SF,04,03,08,19,08,00,216620,2021-10-14,,Surabaya Factory (SF)
SF,04,03,08,19,08,00,216610,2021-10-14,2026-08-01,Surabaya Factory (SF)
SF,04,03,08,19,07,00,216683,2021-10-14,2021-12-22,Surabaya Factory (SF)
SF,04,03,08,19,08,00,216702,2021-10-15,2021-12-22,Surabaya Factory (SF)
SF,04,03,08,19,08,00,216607,2021-10-15,,Surabaya Factory (SF)
SF,04,03,08,19,08,00,216611,2021-10-15,2021-12-22,Surabaya Factory (SF)
SF,04,03,08,19,08,00,216606,2021-10-15,2021-12-22,Surabaya Factory (SF)
SF,04,03,08,19,08,00,216689,2021-10-15,2021-12-22,Surabaya Factory (SF)
SF,04,03,08,18,05,00,216692,2021-10-15,2026-08-01,Surabaya Factory (SF)
SF,04,03,08,19,08,00,216697,2021-10-15,2021-10-18,Surabaya Factory (SF)
SF,04,03,08,19,08,00,216687,2021-10-15,2021-12-22,Surabaya Factory (SF)
SF,04,03,08,19,08,00,216688,2021-10-15,2021-12-22,Surabaya Factory (SF)
SF,04,03,08,19,08,00,216605,2021-10-15,2021-12-22,Surabaya Factory (SF)
SF,04,03,08,19,08,00,216624,2021-10-15,2021-12-22,Surabaya Factory (SF)
SF,04,03,08,19,08,00,216622,2021-10-15,,Surabaya Factory (SF)
SF,04,03,08,19,07,00,216626,2021-10-15,,Surabaya Factory (SF)
SF,04,03,08,19,07,00,216639,2021-10-15,2021-12-22,Surabaya Factory (SF)
SF,04,03,08,19,07,00,216615,2021-10-15,2021-12-22,Surabaya Factory (SF)
SF,04,03,08,19,07,00,216685,2021-10-15,2021-12-22,Surabaya Factory (SF)
SF,04,03,08,19,08,00,216612,2021-10-15,2026-08-01,Surabaya Factory (SF)
SF,04,03,08,23,21,00,216723,2021-10-18,2026-08-01,Surabaya Factory (SF)
SF,04,03,08,19,08,00,216712,2021-10-19,2021-12-22,Surabaya Factory (SF)
SF,04,03,08,18,05,00,216726,2021-10-19,2021-10-19,Surabaya Factory (SF)
SF,04,03,08,23,21,00,216725,2021-10-19,2026-08-01,Surabaya Factory (SF)
SF,04,03,08,23,21,00,216724,2021-10-19,2021-10-19,Surabaya Factory (SF)
SF,04,03,08,23,21,00,216722,2021-10-19,2021-10-19,Surabaya Factory (SF)
SF,04,03,08,18,06,00,216721,2021-10-19,2026-08-01,Surabaya Factory (SF)
SF,04,03,08,18,06,00,216720,2021-10-19,2021-12-17,Surabaya Factory (SF)
SF,04,03,08,18,05,00,216719,2021-10-19,2021-12-17,Surabaya Factory (SF)
SF,04,03,08,23,21,00,216718,2021-10-19,2021-10-19,Surabaya Factory (SF)
SF,04,03,08,18,06,00,216717,2021-10-19,2021-10-19,Surabaya Factory (SF)
SF,04,03,08,18,05,00,216716,2021-10-19,2021-12-17,Surabaya Factory (SF)
SF,04,03,08,19,08,00,216715,2021-10-19,,Surabaya Factory (SF)
SF,04,03,08,18,06,00,216714,2021-10-19,2026-08-01,Surabaya Factory (SF)
SF,04,03,08,16,29,00,216713,2021-10-19,2021-12-27,Surabaya Factory (SF)
SF,04,03,08,12,18,00,216711,2021-10-19,2026-09-02,Surabaya Factory (SF)
SF,04,03,08,18,06,00,216690,2021-10-19,2021-12-17,Surabaya Factory (SF)
SF,04,03,08,24,26,00,216686,2021-10-19,2021-10-19,Surabaya Factory (SF)
SF,04,03,08,18,06,00,216684,2021-10-19,2021-10-19,Surabaya Factory (SF)
SF,04,03,08,18,05,00,216675,2021-10-19,2021-10-19,Surabaya Factory (SF)
SF,04,03,08,18,05,00,216575,2021-05-29,2021-10-19,Surabaya Factory (SF)
SF,04,03,08,12,18,00,216581,2021-06-02,2021-10-19,Surabaya Factory (SF)
SF,04,04,08,36,45,00,207160,2021-10-25,2022-12-21,Bali Factory (BF)
SF,04,03,08,18,06,00,216129,2021-12-15,2026-08-01,Surabaya Factory (SF)
SF,04,03,08,19,08,00,216564,,2021-12-14,Surabaya Factory (SF)
SF,04,03,08,19,08,00,216565,,2021-12-14,Surabaya Factory (SF)
SF,04,03,08,19,08,00,216566,,2021-12-14,Surabaya Factory (SF)
SF,04,03,08,12,18,00,216567,,2021-12-14,Surabaya Factory (SF)
SF,04,03,08,12,18,00,216568,,2021-12-14,Surabaya Factory (SF)
SF,04,03,08,12,18,00,216569,,2021-12-14,Surabaya Factory (SF)
SF,04,03,08,12,18,00,216570,,2021-12-14,Surabaya Factory (SF)
SF,04,03,08,19,08,00,216571,,2021-12-14,Surabaya Factory (SF)
SF,04,03,08,19,08,00,216572,,2021-12-14,Surabaya Factory (SF)
SF,04,03,08,18,06,00,216644,2021-12-15,,Surabaya Factory (SF)
SF,04,03,08,18,05,00,216637,2021-12-15,,Surabaya Factory (SF)
SF,04,03,08,19,08,00,216573,2021-12-18,2021-12-18,Surabaya Factory (SF)
SF,04,03,08,19,08,00,216574,,2021-12-18,Surabaya Factory (SF)
SF,04,03,08,12,18,00,216576,,2021-12-18,Surabaya Factory (SF)
SF,04,03,08,18,06,00,216577,,2021-12-18,Surabaya Factory (SF)
SF,04,03,08,12,15,00,216578,,2021-12-18,Surabaya Factory (SF)
SF,04,03,08,19,07,00,216579,,2021-12-18,Surabaya Factory (SF)
SF,04,03,08,19,08,00,216580,,2021-12-18,Surabaya Factory (SF)
SF,04,03,08,12,15,00,216587,,2021-12-18,Surabaya Factory (SF)
SF,04,04,08,36,43,00,216588,2022-10-18,,Bali Factory (BF)
SF,04,03,08,19,07,00,216589,,2021-12-18,Surabaya Factory (SF)
SF,04,03,08,12,16,00,216590,2021-12-27,2021-12-27,Surabaya Factory (SF)
SF,04,03,08,19,08,00,216591,,2021-12-18,Surabaya Factory (SF)
SF,04,03,08,19,08,00,216592,,2021-12-18,Surabaya Factory (SF)
SF,04,03,08,19,08,00,216596,,2021-12-18,Surabaya Factory (SF)
SF,04,03,08,19,08,00,216597,,2021-12-18,Surabaya Factory (SF)
SF,04,03,08,19,08,00,216600,,2021-12-18,Surabaya Factory (SF)
SF,04,03,08,18,06,00,216604,,2021-12-18,Surabaya Factory (SF)
SF,04,03,08,18,06,00,216609,,2021-12-18,Surabaya Factory (SF)
SF,04,03,08,24,26,00,216617,,2021-12-18,Surabaya Factory (SF)
SF,04,03,08,19,08,00,216618,,2021-12-18,Surabaya Factory (SF)
SF,04,03,08,19,08,00,216619,2021-12-20,2021-12-22,Surabaya Factory (SF)
SF,04,03,08,19,08,00,216621,,2021-12-18,Surabaya Factory (SF)
SF,04,03,08,18,06,00,216623,,2021-12-18,Surabaya Factory (SF)
SF,04,03,08,19,08,00,216625,2021-12-20,2021-12-22,Surabaya Factory (SF)
SF,04,03,08,19,08,00,216627,,2021-12-18,Surabaya Factory (SF)
SF,04,03,08,19,08,00,216636,,2021-12-18,Surabaya Factory (SF)
SF,04,03,08,18,06,00,216638,,2021-12-18,Surabaya Factory (SF)
SF,04,03,08,12,18,00,216646,2022-02-22,,Surabaya Factory (SF)
SF,04,03,08,23,21,00,216662,2021-12-18,2026-08-01,Surabaya Factory (SF)
SF,04,03,08,18,06,00,216667,2021-12-18,2021-12-18,Surabaya Factory (SF)
SF,04,03,08,18,06,00,216673,2021-12-24,2021-12-24,Surabaya Factory (SF)
SF,04,04,08,18,06,00,216681,2021-12-24,2021-12-24,Bali Factory (BF)
SF,04,03,08,24,26,00,216727,2021-12-24,2021-12-24,Surabaya Factory (SF)
SF,04,03,08,12,18,00,216728,,2021-12-18,Surabaya Factory (SF)
SF,04,03,08,19,08,00,216729,2022-01-24,2026-08-01,Surabaya Factory (SF)
SF,04,03,08,19,08,00,216730,2021-12-20,2021-12-22,Surabaya Factory (SF)
SF,04,03,08,19,08,00,216731,2021-12-20,2021-12-22,Surabaya Factory (SF)
SF,04,03,08,19,08,00,216732,2021-12-20,2021-12-22,Surabaya Factory (SF)
SF,04,03,08,19,08,00,216733,2021-12-20,2021-12-22,Surabaya Factory (SF)
SF,04,03,08,19,08,00,216734,2021-12-20,2021-12-22,Surabaya Factory (SF)
SF,04,03,08,19,08,00,216735,2021-12-20,2021-12-22,Surabaya Factory (SF)
SF,04,03,08,19,08,00,216736,,2021-12-22,Surabaya Factory (SF)
SF,04,03,08,19,07,00,216737,2023-10-02,2026-08-01,Surabaya Factory (SF)
SF,04,03,08,24,26,00,216738,2021-12-24,2021-12-24,Surabaya Factory (SF)
SF,04,03,08,24,26,00,216739,2021-12-24,2021-12-24,Surabaya Factory (SF)
SF,04,03,08,19,08,00,216740,2021-12-24,,Surabaya Factory (SF)
SF,04,03,08,19,08,00,216741,2021-12-20,2021-12-22,Surabaya Factory (SF)
SF,04,03,08,18,05,00,206017,2022-01-28,2022-02-02,Surabaya Factory (SF)
SF,04,03,08,18,06,00,216748,2022-02-09,2026-08-01,Surabaya Factory (SF)
SF,04,03,08,18,06,00,216749,2022-02-09,2022-02-09,Surabaya Factory (SF)
SF,04,03,08,18,06,00,216750,2022-02-09,2026-08-01,Surabaya Factory (SF)
SF,04,03,08,23,21,00,216747,2022-02-09,2026-08-01,Surabaya Factory (SF)
SF,04,03,08,21,10,00,216742,,2022-12-20,Surabaya Factory (SF)
SF,04,03,08,19,08,00,216743,2022-02-09,2026-08-01,Surabaya Factory (SF)
SF,04,03,08,19,08,00,216744,2022-02-09,,Surabaya Factory (SF)
SF,04,03,08,19,08,00,216745,2022-02-09,,Surabaya Factory (SF)
SF,04,03,08,21,10,00,216746,2022-02-09,2022-02-09,Surabaya Factory (SF)
SF,04,03,08,18,06,00,216751,2022-02-10,2022-02-17,Surabaya Factory (SF)
SF,04,03,08,18,06,00,216752,2022-02-17,2022-02-18,Surabaya Factory (SF)
SF,04,03,08,15,23,00,216753,2022-02-17,,Surabaya Factory (SF)
SF,04,03,08,25,27,00,216754,2022-02-17,2026-08-01,Surabaya Factory (SF)
SF,04,03,08,25,27,00,216755,2022-02-17,2026-08-01,Surabaya Factory (SF)
SF,04,03,08,25,27,00,216756,2022-02-17,,Surabaya Factory (SF)
SF,04,03,08,25,27,00,216757,2022-02-17,,Surabaya Factory (SF)
SF,04,03,08,19,07,00,216758,2022-02-18,2026-08-01,Surabaya Factory (SF)
SF,04,03,08,25,28,00,216759,2022-02-18,,Surabaya Factory (SF)
SF,04,03,08,23,21,00,216760,2022-02-18,,Surabaya Factory (SF)
LCI,01,04,04,03,00,00,100255,2022-02-07,2025-04-11,Bali Factory (BF)
SF,04,04,08,36,46,00,216770,2022-05-17,2022-05-23,Bali Factory (BF)
LCI,03,04,05,27,00,00,100256,2022-05-18,2023-07-31,Bali Factory (BF)
SF,04,04,08,32,36,00,207161,,2022-09-30,Bali Factory (BF)
SF,04,03,08,23,20,00,216771,2022-06-13,,Surabaya Factory (SF)
SF,04,03,08,12,18,00,216772,2022-06-13,2022-06-14,Surabaya Factory (SF)
SF,04,03,08,12,17,00,216773,2022-06-13,,Surabaya Factory (SF)
SF,04,03,08,12,18,00,216774,2022-06-13,2023-08-14,Surabaya Factory (SF)
SF,04,04,08,33,00,00,207162,,2022-10-12,Bali Factory (BF)
SF,04,04,08,34,39,00,207163,2022-12-26,,Bali Factory (BF)
SF,04,03,08,19,08,00,216765,2022-07-15,2026-08-01,Surabaya Factory (SF)
SF,04,03,08,23,20,00,216778,2022-07-15,2026-08-01,Surabaya Factory (SF)
SF,04,03,08,23,21,00,216762,2022-07-15,2026-08-01,Surabaya Factory (SF)
SF,04,03,08,19,07,00,216781,2022-07-15,2026-08-01,Surabaya Factory (SF)
SF,04,03,08,19,07,00,216777,,2022-12-20,Surabaya Factory (SF)
SF,04,03,08,19,08,00,216776,2022-07-15,2022-07-15,Surabaya Factory (SF)
SF,04,03,08,19,08,00,216782,2022-07-15,2026-08-01,Surabaya Factory (SF)
SF,04,03,08,19,07,00,216780,,2022-12-20,Surabaya Factory (SF)
SF,04,03,08,19,07,00,216761,2022-07-15,2026-08-01,Surabaya Factory (SF)
SF,04,03,08,18,06,00,216785,2022-07-15,2026-08-01,Surabaya Factory (SF)
SF,04,03,08,19,08,00,216783,2022-07-15,,Surabaya Factory (SF)
SF,04,03,08,19,08,00,216784,2022-07-15,,Surabaya Factory (SF)
SF,04,03,08,12,17,00,216779,2022-07-15,2026-08-01,Surabaya Factory (SF)
SF,04,04,08,33,00,00,207164,,2022-10-15,Bali Factory (BF)
SF,04,04,08,33,00,00,207165,,2022-10-15,Bali Factory (BF)
SF,04,04,08,32,36,00,207166,,2022-09-09,Bali Factory (BF)
SF,04,04,08,32,36,00,207167,2022-07-18,2026-05-29,Bali Factory (BF)
SF,04,04,08,32,36,00,207168,,2022-10-01,Bali Factory (BF)
SF,04,04,08,35,40,00,207169,2023-03-30,2023-04-10,Bali Factory (BF)
SF,04,04,08,39,51,00,207170,2023-01-31,,Bali Factory (BF)
SF,04,04,08,32,36,00,207171,2023-03-01,,Bali Factory (BF)
SF,04,04,08,32,36,00,207172,,2022-10-01,Bali Factory (BF)
SF,04,04,08,32,36,00,207173,,2022-10-01,Bali Factory (BF)
SF,04,04,08,33,00,00,207174,2024-03-12,,Bali Factory (BF)
SF,04,04,08,38,49,00,207175,2023-05-25,,Bali Factory (BF)
SF,04,04,08,31,34,00,207176,,2022-10-01,Bali Factory (BF)
SF,04,04,08,31,34,00,207177,2023-07-20,2026-01-31,Bali Factory (BF)
SF,04,04,08,32,36,00,207178,,2022-10-01,Bali Factory (BF)
SF,04,04,08,32,36,00,207179,2023-02-21,2025-01-25,Bali Factory (BF)
SF,04,04,08,32,36,00,207180,,2022-10-01,Bali Factory (BF)
SF,04,04,08,31,34,00,207181,2023-03-13,,Bali Factory (BF)
SF,04,03,00,15,22,00,216920,2022-09-12,2024-09-06,Surabaya Factory (SF)
SF,04,03,00,15,22,00,216919,2022-09-12,2026-08-01,Surabaya Factory (SF)
SF,04,03,08,18,05,00,216893,2022-09-05,2026-08-01,Surabaya Factory (SF)
SF,04,03,08,12,18,00,216866,2022-08-11,,Surabaya Factory (SF)
SF,04,03,08,12,18,00,216797,2022-07-25,,Surabaya Factory (SF)
SF,04,03,08,18,06,00,216892,2022-09-05,2026-08-01,Surabaya Factory (SF)
SF,04,03,08,18,06,00,216875,2022-08-18,,Surabaya Factory (SF)
SF,04,03,08,18,05,00,216809,2022-07-25,2026-08-01,Surabaya Factory (SF)
SF,04,03,08,18,06,00,216881,2022-08-19,2026-08-01,Surabaya Factory (SF)
SF,04,03,08,18,06,00,216896,2022-09-05,2026-08-01,Surabaya Factory (SF)
SF,04,03,08,18,06,00,216830,2022-08-01,,Surabaya Factory (SF)
SF,04,03,08,18,06,00,216863,2022-08-10,,Surabaya Factory (SF)
SF,04,03,08,18,06,00,216865,2022-08-11,2026-08-01,Surabaya Factory (SF)
SF,04,03,08,18,06,00,216877,2022-08-18,2026-08-01,Surabaya Factory (SF)
SF,04,03,08,18,06,00,216876,2022-08-18,2026-08-01,Surabaya Factory (SF)
SF,04,03,08,12,18,00,216880,2022-08-18,,Surabaya Factory (SF)
SF,04,03,08,18,06,00,216829,2022-08-01,2026-08-01,Surabaya Factory (SF)
SF,04,03,08,18,06,00,216878,2022-11-03,2022-09-27,Surabaya Factory (SF)
SF,04,03,08,18,06,00,216826,2022-08-01,,Surabaya Factory (SF)
SF,04,03,08,18,06,00,216798,2022-07-25,,Surabaya Factory (SF)
SF,04,03,08,18,06,00,216908,2022-09-06,2026-08-01,Surabaya Factory (SF)
SF,04,03,08,16,29,00,216861,2022-08-10,,Surabaya Factory (SF)
SF,04,03,08,18,06,00,216899,2022-09-05,2026-08-01,Surabaya Factory (SF)
SF,04,03,08,18,06,00,216862,2022-08-10,,Surabaya Factory (SF)
SF,04,03,08,18,06,00,216914,2022-09-08,,Surabaya Factory (SF)
SF,04,03,08,23,21,00,216882,2022-08-23,2026-08-01,Surabaya Factory (SF)
SF,04,03,08,18,06,00,216898,2022-09-05,2026-08-01,Surabaya Factory (SF)
SF,04,03,08,18,05,00,216911,2022-09-06,2026-08-01,Surabaya Factory (SF)
SF,04,03,08,18,06,00,216869,2022-08-12,2026-08-01,Surabaya Factory (SF)
SF,04,03,08,22,13,00,216823,2022-08-01,2022-10-10,Surabaya Factory (SF)
SF,04,03,08,18,06,00,216867,2022-08-11,2026-08-01,Surabaya Factory (SF)
SF,04,03,08,24,26,00,216787,2022-07-20,2026-08-01,Surabaya Factory (SF)
SF,04,03,08,12,18,00,216838,2022-08-01,2026-08-01,Surabaya Factory (SF)
SF,04,03,08,19,08,00,216786,2022-07-11,,Surabaya Factory (SF)
SF,04,03,08,12,15,00,216916,2022-11-14,2026-08-01,Surabaya Factory (SF)
SF,04,03,08,23,21,00,216853,2022-08-04,2026-08-01,Surabaya Factory (SF)
SF,04,03,08,19,08,00,216907,2023-05-19,,Surabaya Factory (SF)
SF,04,03,08,19,08,00,216885,2022-09-03,2026-08-01,Surabaya Factory (SF)
SF,04,03,08,19,08,00,216794,2022-07-23,,Surabaya Factory (SF)
SF,04,03,08,23,21,00,216890,2022-09-03,2026-08-01,Surabaya Factory (SF)
SF,04,03,08,12,18,00,216871,,2022-10-10,Surabaya Factory (SF)
SF,04,03,08,19,07,00,216818,,2022-12-20,Surabaya Factory (SF)
SF,04,03,08,19,08,00,216845,2023-05-11,2026-08-01,Surabaya Factory (SF)
SF,04,03,08,21,10,00,216891,,2022-12-20,Surabaya Factory (SF)
SF,04,03,08,23,21,00,216766,2022-03-26,,Surabaya Factory (SF)
SF,04,03,08,19,09,00,216811,,2022-12-20,Surabaya Factory (SF)
SF,04,03,08,19,08,00,216832,,2022-12-20,Surabaya Factory (SF)
SF,04,03,08,19,08,00,216799,2023-05-13,2026-08-01,Surabaya Factory (SF)
SF,04,03,08,12,18,00,216802,2022-07-23,,Surabaya Factory (SF)
SF,04,03,08,19,08,00,216831,2022-08-01,2026-08-01,Surabaya Factory (SF)
SF,04,03,08,23,21,00,216835,2022-11-14,2026-08-01,Surabaya Factory (SF)
SF,04,03,08,19,08,00,216848,2023-07-08,2026-08-01,Surabaya Factory (SF)
SF,04,03,08,23,21,00,216886,2022-09-03,,Surabaya Factory (SF)
SF,04,03,08,19,07,00,216925,2022-10-19,2026-08-01,Surabaya Factory (SF)
SF,04,03,08,20,00,00,216854,2022-08-04,2026-08-01,Surabaya Factory (SF)
SF,04,03,08,19,07,00,216873,2022-08-13,2022-10-10,Surabaya Factory (SF)
SF,04,03,08,19,08,00,216846,2022-08-04,2026-08-01,Surabaya Factory (SF)
SF,04,03,08,12,18,00,216816,2022-07-26,2026-08-01,Surabaya Factory (SF)
SF,04,03,08,19,07,00,216796,2022-07-23,2026-08-01,Surabaya Factory (SF)
SF,04,03,08,12,15,00,216915,2022-10-19,,Surabaya Factory (SF)
SF,04,03,08,19,08,00,216859,2022-08-05,,Surabaya Factory (SF)
SF,04,03,08,23,21,00,216889,2022-09-03,,Surabaya Factory (SF)
SF,04,03,08,21,10,00,216904,2022-09-05,2022-10-10,Surabaya Factory (SF)
SF,04,03,08,19,09,00,216884,2022-08-30,2026-08-01,Surabaya Factory (SF)
SF,04,03,08,23,21,00,216864,2022-08-10,2026-08-01,Surabaya Factory (SF)
SF,04,03,08,21,10,00,216897,,2022-12-20,Surabaya Factory (SF)
SF,04,03,08,23,21,00,216825,2022-07-29,2026-08-01,Surabaya Factory (SF)
SF,04,03,08,23,21,00,216837,2022-08-01,2026-08-01,Surabaya Factory (SF)
SF,04,03,08,19,08,00,216883,2023-05-12,2026-08-01,Surabaya Factory (SF)
SF,04,03,08,19,08,00,216833,2022-08-01,2026-08-01,Surabaya Factory (SF)
SF,04,03,08,19,09,00,216860,,2022-12-20,Surabaya Factory (SF)
SF,04,03,08,23,21,00,216824,2022-08-01,2026-08-01,Surabaya Factory (SF)
SF,04,03,08,19,08,00,216800,2022-07-25,,Surabaya Factory (SF)
SF,04,03,08,19,08,00,216847,2022-08-04,2026-08-01,Surabaya Factory (SF)
SF,04,03,08,19,08,00,216855,2022-08-04,2022-09-26,Surabaya Factory (SF)
SF,04,03,08,12,18,00,216767,,2022-12-20,Surabaya Factory (SF)
SF,04,03,08,12,18,00,216870,,2022-12-20,Surabaya Factory (SF)
SF,04,03,08,19,08,00,216924,2022-10-19,2026-08-01,Surabaya Factory (SF)
SF,04,03,08,19,08,00,216808,2022-07-25,2026-08-01,Surabaya Factory (SF)
SF,04,03,08,19,08,00,216792,2022-07-23,2026-08-01,Surabaya Factory (SF)
SF,04,03,08,23,21,00,216887,2022-09-03,2026-08-01,Surabaya Factory (SF)
SF,04,03,08,19,08,00,216922,,2022-12-20,Surabaya Factory (SF)
SF,04,03,08,19,07,00,216844,2022-08-04,,Surabaya Factory (SF)
SF,04,03,08,19,09,00,216872,,2022-12-20,Surabaya Factory (SF)
SF,04,03,08,23,19,00,216841,2022-08-04,2026-08-01,Surabaya Factory (SF)
SF,04,03,08,23,21,00,216764,2022-03-26,2026-08-01,Surabaya Factory (SF)
SF,04,03,08,23,21,00,216775,2022-06-17,,Surabaya Factory (SF)
SF,04,03,08,26,00,00,216807,2022-07-25,2026-08-01,Surabaya Factory (SF)
SF,04,03,08,23,21,00,216836,2022-08-01,,Surabaya Factory (SF)
SF,04,03,08,24,26,00,216821,2022-07-29,2026-08-01,Surabaya Factory (SF)
SF,04,03,08,19,08,00,216923,2022-10-19,2026-08-01,Surabaya Factory (SF)
SF,04,03,08,19,07,00,216874,,2022-12-20,Surabaya Factory (SF)
SF,04,03,08,12,18,00,216790,,2022-12-20,Surabaya Factory (SF)
SF,04,03,08,19,08,00,216921,,2022-12-20,Surabaya Factory (SF)
SF,04,03,08,24,26,00,216842,2022-08-04,,Surabaya Factory (SF)
SF,04,03,08,19,07,00,216814,2022-07-25,2026-08-01,Surabaya Factory (SF)
SF,04,03,08,19,07,00,216840,2022-08-01,2026-08-01,Surabaya Factory (SF)
SF,04,03,08,23,21,00,216851,2022-08-04,2026-08-01,Surabaya Factory (SF)
SF,04,03,08,19,08,00,216856,,2022-12-20,Surabaya Factory (SF)
SF,04,03,08,12,18,00,216913,2022-09-06,2026-08-01,Surabaya Factory (SF)
SF,04,03,08,23,21,00,216815,2024-03-30,2026-08-01,Surabaya Factory (SF)
SF,04,03,08,21,10,00,216858,2022-08-04,2026-08-01,Surabaya Factory (SF)
SF,04,03,08,19,08,00,216902,2023-05-21,2026-08-01,Surabaya Factory (SF)
SF,04,03,08,19,07,00,216819,2022-07-26,,Surabaya Factory (SF)
SF,04,03,08,19,08,00,216812,2022-07-23,,Surabaya Factory (SF)
SF,04,03,08,19,07,00,216849,2022-08-04,2026-08-01,Surabaya Factory (SF)
SF,04,03,08,19,07,00,216926,2023-05-21,,Surabaya Factory (SF)
SF,04,03,08,19,07,00,216928,,2022-12-20,Surabaya Factory (SF)
SF,04,03,08,19,08,00,216927,2023-05-21,2026-08-01,Surabaya Factory (SF)
SF,04,03,08,19,07,00,216929,2022-10-29,,Surabaya Factory (SF)
SF,04,03,08,19,08,00,216828,2022-10-21,,Surabaya Factory (SF)
SF,04,03,08,24,24,00,216930,2022-11-18,2026-08-01,Surabaya Factory (SF)
SF,04,03,08,12,18,00,216932,2022-12-20,2026-08-01,Surabaya Factory (SF)
SF,04,03,08,12,18,00,216903,2022-12-20,,Surabaya Factory (SF)
SF,04,03,08,18,06,00,216895,2022-12-30,2026-08-01,Surabaya Factory (SF)
SF,04,03,08,19,08,00,216933,2023-03-08,,Surabaya Factory (SF)
SF,04,03,08,19,08,00,216935,2023-03-08,2026-08-01,Surabaya Factory (SF)
SF,04,03,08,19,07,00,216934,2023-03-08,,Surabaya Factory (SF)
SF,04,04,08,31,34,00,207182,2023-03-20,2024-03-23,Bali Factory (BF)
SF,04,03,08,24,26,00,216936,2023-03-16,2026-08-01,Surabaya Factory (SF)
LCI,03,03,05,13,00,00,100258,2023-03-06,2023-12-23,Surabaya Factory (SF)
SF,04,04,08,32,36,00,207183,2023-03-01,2025-05-01,Bali Factory (BF)
SF,04,04,08,32,36,00,207184,2023-04-01,2023-05-21,Bali Factory (BF)
SF,04,04,08,32,36,00,207185,2023-04-01,2023-05-21,Bali Factory (BF)
SF,04,03,08,18,05,00,216937,2023-04-03,2026-08-01,Surabaya Factory (SF)
SF,04,03,08,18,06,00,216938,2023-04-04,2026-08-01,Surabaya Factory (SF)
SF,04,03,00,12,18,00,216804,2023-05-10,2026-08-01,Surabaya Factory (SF)
SF,04,03,08,19,07,00,216939,2023-05-09,2026-08-01,Surabaya Factory (SF)
SF,04,03,08,19,07,00,216940,2023-05-09,,Surabaya Factory (SF)
SF,04,03,08,19,07,00,216942,2023-05-09,2026-08-01,Surabaya Factory (SF)
SF,04,03,08,19,07,00,216943,2023-05-09,2026-08-01,Surabaya Factory (SF)
SF,04,03,08,19,07,00,216944,2023-05-09,2026-08-01,Surabaya Factory (SF)
SF,04,03,08,19,07,00,216945,2023-05-09,2026-08-01,Surabaya Factory (SF)
SF,04,03,08,19,07,00,216946,2023-05-09,2026-08-01,Surabaya Factory (SF)
SF,04,03,08,19,07,00,216947,2023-05-09,2026-08-01,Surabaya Factory (SF)
SF,04,03,08,19,07,00,216948,2023-05-09,2026-08-01,Surabaya Factory (SF)
SF,04,03,08,19,07,00,216949,2023-05-09,2026-08-01,Surabaya Factory (SF)
SF,04,03,08,23,21,00,216950,2023-05-09,2026-08-01,Surabaya Factory (SF)
SF,04,03,08,23,21,00,216951,2023-05-09,,Surabaya Factory (SF)
SF,04,03,08,19,07,00,216941,2023-05-09,2026-08-01,Surabaya Factory (SF)
SF,04,03,08,19,07,00,216952,2023-05-15,2026-08-01,Surabaya Factory (SF)
LCI,02,01,05,06,00,00,100501,2023-05-11,2023-07-19,Surabaya Office (SO)
SF,04,03,08,19,08,00,216953,2023-05-25,2026-08-01,Surabaya Factory (SF)
SF,04,03,08,19,08,00,216954,2023-05-30,2026-08-01,Surabaya Factory (SF)
SF,04,03,08,19,07,00,216955,2023-05-30,2026-08-01,Surabaya Factory (SF)
SF,04,03,08,19,08,00,216956,2023-05-30,2026-08-01,Surabaya Factory (SF)
SF,04,03,08,21,10,00,216957,2023-05-30,2026-08-01,Surabaya Factory (SF)
SF,04,03,08,19,08,00,216958,2023-05-30,2026-08-01,Surabaya Factory (SF)
SF,04,03,08,23,21,00,216959,2023-05-30,2026-08-01,Surabaya Factory (SF)
SF,04,03,08,23,21,00,216960,2023-05-30,2026-08-01,Surabaya Factory (SF)
SF,04,03,08,23,21,00,216961,2023-05-30,2026-08-01,Surabaya Factory (SF)
SF,04,03,08,23,21,00,216962,2023-05-31,2026-08-01,Surabaya Factory (SF)
SF,04,03,08,19,07,00,216963,2023-05-31,2026-08-01,Surabaya Factory (SF)
SF,04,03,08,23,21,00,216964,2023-05-31,2026-08-01,Surabaya Factory (SF)
SF,04,03,08,23,21,00,216965,2023-05-31,2026-08-01,Surabaya Factory (SF)
SF,04,03,08,23,21,00,216966,2023-05-31,2026-08-01,Surabaya Factory (SF)
SF,04,03,08,21,10,00,216967,2023-05-31,2026-08-01,Surabaya Factory (SF)
SF,04,03,08,19,08,00,216968,2023-06-02,,Surabaya Factory (SF)
SF,04,03,08,19,08,00,216969,2023-06-02,2026-08-01,Surabaya Factory (SF)
SF,04,03,08,19,07,00,216970,2023-06-02,2026-08-01,Surabaya Factory (SF)
SF,04,03,08,19,08,00,216971,2023-06-02,2026-08-01,Surabaya Factory (SF)
SF,04,03,08,18,06,00,216972,2023-06-02,2026-08-01,Surabaya Factory (SF)
SF,04,03,08,19,08,00,216973,2023-06-02,,Surabaya Factory (SF)
LCI,02,01,05,06,00,00,100502,2023-06-19,2023-07-07,Surabaya Office (SO)
SF,04,03,08,19,08,00,216974,2023-06-05,2026-08-01,Surabaya Factory (SF)
SF,04,03,08,19,08,00,216975,2023-06-06,2026-08-01,Surabaya Factory (SF)
SF,04,03,08,19,08,00,216976,2023-06-06,2026-08-01,Surabaya Factory (SF)
SF,04,03,08,19,08,00,216977,2023-06-06,2026-08-01,Surabaya Factory (SF)
SF,04,03,08,19,08,00,216978,2023-06-06,2026-08-01,Surabaya Factory (SF)
SF,04,03,08,19,08,00,216979,2023-06-06,2026-08-01,Surabaya Factory (SF)
SF,04,03,08,19,08,00,216980,2023-06-19,2026-08-01,Surabaya Factory (SF)
SF,04,03,08,19,08,00,216981,2023-06-19,2026-08-01,Surabaya Factory (SF)
SF,04,03,08,19,08,00,216982,2023-06-19,2026-08-01,Surabaya Factory (SF)
SF,04,03,08,19,07,00,216983,2023-06-19,,Surabaya Factory (SF)
SF,04,03,08,19,08,00,216984,2023-06-19,2026-08-01,Surabaya Factory (SF)
SF,04,03,08,19,08,00,216985,2023-06-19,2026-08-01,Surabaya Factory (SF)
SF,04,04,08,36,44,00,207186,2023-07-20,2024-01-07,Bali Factory (BF)
SF,04,03,08,19,08,00,216998,2023-08-10,2026-08-01,Surabaya Factory (SF)
SF,04,04,08,32,36,00,207187,2024-10-25,2026-05-29,Bali Factory (BF)
SF,04,04,08,32,36,00,207188,2024-03-18,2024-05-25,Bali Factory (BF)
SF,04,03,08,19,08,00,216986,2023-08-07,2026-08-01,Surabaya Factory (SF)
SF,04,03,08,19,08,00,216987,2023-08-07,2026-08-01,Surabaya Factory (SF)
SF,04,03,08,19,08,00,216988,2023-08-07,2026-08-01,Surabaya Factory (SF)
SF,04,03,08,19,08,00,216989,2023-08-07,2026-08-01,Surabaya Factory (SF)
SF,04,03,08,19,08,00,216990,2023-08-07,2026-08-01,Surabaya Factory (SF)
SF,04,03,08,19,08,00,216991,2023-08-07,2026-08-01,Surabaya Factory (SF)
SF,04,03,08,18,06,00,216992,2023-08-07,2026-08-01,Surabaya Factory (SF)
SF,04,03,08,19,08,00,216993,2023-08-07,2026-08-01,Surabaya Factory (SF)
SF,04,03,08,19,07,00,216994,2023-08-07,2026-08-01,Surabaya Factory (SF)
SF,04,03,08,19,08,00,216995,2023-08-07,2026-08-01,Surabaya Factory (SF)
SF,04,03,08,19,08,00,216996,2023-08-07,2026-08-01,Surabaya Factory (SF)
SF,04,03,08,23,21,00,216997,2023-08-07,2026-08-01,Surabaya Factory (SF)
SF,04,03,08,19,07,00,216999,2023-08-07,2026-08-01,Surabaya Factory (SF)
SF,04,03,08,19,08,00,206391,2023-08-07,2026-08-01,Surabaya Factory (SF)
SF,04,03,08,19,07,00,206395,2023-08-15,2026-08-01,Surabaya Factory (SF)
SF,04,03,08,19,07,00,206393,2023-08-15,2026-08-01,Surabaya Factory (SF)
SF,04,03,08,18,06,00,206394,2023-08-15,2026-08-01,Surabaya Factory (SF)
SF,04,03,08,19,08,00,206392,2023-08-15,2026-08-01,Surabaya Factory (SF)
SF,04,03,08,19,08,00,206396,2023-08-15,2026-08-01,Surabaya Factory (SF)
SF,04,03,08,16,29,00,203355,2023-08-22,2023-12-15,Surabaya Factory (SF)
SF,04,03,08,16,29,00,203356,2023-08-22,2024-07-26,Surabaya Factory (SF)
SF,04,03,08,16,29,00,203357,2023-08-22,2023-12-15,Surabaya Factory (SF)
SF,04,03,08,24,24,00,206398,2023-08-22,2025-01-21,Surabaya Factory (SF)
SF,04,03,08,19,08,00,206399,2023-08-25,2026-08-01,Surabaya Factory (SF)
SF,04,03,08,19,08,00,206400,2023-08-25,2026-08-01,Surabaya Factory (SF)
SF,04,03,08,18,06,00,206404,2023-08-26,2026-08-01,Surabaya Factory (SF)
SF,04,03,08,19,08,00,206397,2023-08-26,2026-08-01,Surabaya Factory (SF)
SF,04,03,08,25,27,00,206405,2023-09-18,2026-08-01,Surabaya Factory (SF)
LCI,02,01,05,06,00,00,100503,2023-09-11,2023-10-30,Surabaya Office (SO)
SF,04,03,08,12,16,00,206406,2023-09-21,2026-08-01,Surabaya Factory (SF)
SF,04,03,08,19,07,00,206407,2023-10-02,2026-08-01,Surabaya Factory (SF)
SF,04,03,08,19,08,00,206408,2023-10-02,2026-08-01,Surabaya Factory (SF)
SF,04,03,08,19,08,00,206409,2023-10-02,2026-08-01,Surabaya Factory (SF)
SF,04,03,08,24,26,00,206410,2023-11-13,2026-08-01,Surabaya Factory (SF)
SF,04,03,08,23,21,00,206411,2023-11-09,2026-08-01,Surabaya Factory (SF)
SF,04,03,08,18,06,00,206412,2023-11-09,2026-08-01,Surabaya Factory (SF)
SF,04,04,08,30,00,00,207189,2024-03-18,,Bali Factory (BF)
LCI,03,04,05,27,00,00,100259,2023-10-27,2024-04-01,Bali Factory (BF)
SF,04,03,08,24,24,00,206413,2023-12-15,2026-08-01,Surabaya Factory (SF)
LCI,03,01,05,06,00,00,100260,2024-01-08,2024-11-22,Surabaya Office (SO)
LCI,03,03,05,13,00,00,100261,2024-01-10,2025-04-26,Surabaya Factory (SF)
LCI,03,03,05,12,00,00,100262,2024-01-22,2024-07-22,Surabaya Factory (SF)
LCI,01,01,05,03,00,00,100264,2024-01-22,,Surabaya Office (SO)
LCI,01,04,05,28,00,00,100263,2024-01-19,,Bali Factory (BF)
SF,04,03,08,19,08,00,206414,2024-01-27,2026-08-01,Surabaya Factory (SF)
SF,04,03,08,15,23,00,206415,2024-02-03,2026-08-01,Surabaya Factory (SF)
SF,04,03,08,23,20,00,206419,2024-03-06,2026-08-01,Surabaya Factory (SF)
SF,04,03,08,18,05,00,206420,2024-03-12,2026-08-01,Surabaya Factory (SF)
SF,04,03,08,16,29,00,203359,2024-03-13,2024-07-26,Surabaya Factory (SF)
SF,04,03,08,16,29,00,203360,2024-03-04,2024-07-26,Surabaya Factory (SF)
SF,04,03,08,16,29,00,203358,2024-03-04,2024-07-26,Surabaya Factory (SF)
SF,04,03,08,12,15,00,206422,2013-05-29,2026-08-01,Surabaya Factory (SF)
LCI,02,01,05,08,00,00,100265,2024-03-04,2024-05-31,Surabaya Office (SO)
SF,04,03,08,12,15,00,206421,2024-03-18,,Surabaya Factory (SF)
SF,04,03,08,23,21,00,206427,2024-03-22,2026-08-01,Surabaya Factory (SF)
SF,04,04,08,32,36,00,207190,2024-03-19,,Bali Factory (BF)
SF,04,03,08,18,06,00,206426,2024-03-25,2026-08-01,Surabaya Factory (SF)
SF,04,03,08,19,07,00,206429,2024-03-25,2026-08-01,Surabaya Factory (SF)
SF,04,03,08,19,07,00,206430,2024-03-26,2026-08-01,Surabaya Factory (SF)
SF,04,03,08,19,07,00,206431,2024-03-28,2026-08-01,Surabaya Factory (SF)
SF,04,03,08,19,07,00,206432,2024-03-28,2026-08-01,Surabaya Factory (SF)
SF,04,03,08,18,06,00,206436,2024-03-30,2026-08-01,Surabaya Factory (SF)
SF,04,03,08,18,06,00,206434,2024-03-30,2026-08-01,Surabaya Factory (SF)
SF,04,03,08,18,05,00,206435,2024-03-30,2026-08-01,Surabaya Factory (SF)
SF,04,03,08,18,05,00,206433,2024-03-30,2026-08-01,Surabaya Factory (SF)
SF,04,03,08,18,05,00,206437,2024-03-30,2026-08-01,Surabaya Factory (SF)
SF,04,03,08,18,06,00,206428,2024-03-30,2026-08-01,Surabaya Factory (SF)
SF,04,03,08,18,06,00,206438,2024-03-30,2026-08-01,Surabaya Factory (SF)
SF,04,03,08,18,06,00,206439,2024-03-30,2026-08-01,Surabaya Factory (SF)
SF,04,04,08,32,36,00,207191,2024-03-20,2025-01-25,Bali Factory (BF)
SF,04,04,08,32,36,00,207192,2026-07-20,,Bali Factory (BF)
SF,04,04,08,32,36,00,207193,2024-03-21,2024-05-23,Bali Factory (BF)
SF,04,04,08,32,36,00,207194,2019-05-22,,Bali Factory (BF)
SF,04,03,08,19,07,00,206440,2024-04-01,2026-08-01,Surabaya Factory (SF)
SF,04,03,08,18,06,00,206443,2024-04-03,2026-08-01,Surabaya Factory (SF)
SF,04,03,08,18,05,00,206441,2024-04-03,2026-08-01,Surabaya Factory (SF)
SF,04,03,08,18,06,00,206442,2024-04-03,2026-08-01,Surabaya Factory (SF)
SF,04,03,08,18,06,00,206444,2024-04-03,2026-08-01,Surabaya Factory (SF)
SF,04,04,08,31,34,00,207195,2024-04-24,,Bali Factory (BF)
SF,04,04,08,32,36,00,207196,2024-04-25,2025-09-18,Bali Factory (BF)
SF,04,04,08,32,35,00,207197,2024-04-30,2024-05-23,Bali Factory (BF)
SF,04,04,08,33,00,00,207198,2024-04-30,,Bali Factory (BF)
SF,04,04,08,31,34,00,207199,2024-04-30,,Bali Factory (BF)
SF,04,04,08,32,36,00,207200,2024-05-02,2024-12-17,Bali Factory (BF)
LCI,03,01,05,06,00,00,100266,2024-04-22,2025-01-17,Surabaya Office (SO)
LCI,03,03,05,25,00,00,100267,2024-04-22,2026-02-20,Surabaya Factory (SF)
SF,04,04,08,32,36,00,207201,2025-01-07,2025-01-24,Bali Factory (BF)
SF,04,04,08,33,00,00,207202,2024-05-04,2024-05-25,Bali Factory (BF)
SF,04,04,08,33,00,00,207203,2024-05-04,2024-10-24,Bali Factory (BF)
SF,04,04,08,32,36,00,207204,2024-05-04,2026-05-29,Bali Factory (BF)
SF,04,04,08,32,36,00,207205,2024-05-29,,Bali Factory (BF)
SF,04,03,08,24,26,00,206425,2024-05-28,2026-08-01,Surabaya Factory (SF)
SF,04,03,08,24,26,00,206423,2024-05-28,2026-08-01,Surabaya Factory (SF)
SF,04,03,08,23,21,00,206447,2024-05-28,2026-08-01,Surabaya Factory (SF)
SF,04,03,08,24,26,00,206448,2024-05-31,,Surabaya Factory (SF)
SF,04,04,08,32,36,00,207207,2024-06-04,2025-12-13,Bali Factory (BF)
SF,04,03,08,24,25,00,206450,2024-05-03,2026-08-01,Surabaya Factory (SF)
SF,04,03,08,12,16,00,206445,2024-05-15,2026-08-01,Surabaya Factory (SF)
SF,04,03,08,12,16,00,206446,2024-02-01,2026-08-01,Surabaya Factory (SF)
SF,04,03,08,23,21,00,206451,2024-05-10,2026-08-01,Surabaya Factory (SF)
SF,04,03,08,21,10,00,206452,2024-05-10,2026-08-01,Surabaya Factory (SF)
LCI,03,04,05,27,00,00,100268,2024-06-10,2024-09-09,Bali Factory (BF)
LCI,03,02,03,06,00,00,100269,2024-06-03,2024-11-01,Bali Office (BO)
SF,04,03,08,24,24,00,206454,2024-05-28,2026-08-01,Surabaya Factory (SF)
SF,04,03,08,24,26,00,206453,2024-06-04,2026-08-01,Surabaya Factory (SF)
SF,04,04,08,32,36,00,207206,2024-06-03,2026-05-04,Bali Factory (BF)
SF,04,04,08,32,36,00,207208,2024-06-26,2025-09-24,Bali Factory (BF)
SF,04,04,08,32,37,00,207209,2024-06-29,2024-09-18,Bali Factory (BF)
SF,04,04,08,32,35,00,207210,2024-07-01,2025-12-13,Bali Factory (BF)
SF,04,03,08,12,16,00,206456,2024-06-28,2026-08-01,Surabaya Factory (SF)
SF,04,04,08,36,44,00,206457,2024-06-23,,Bali Factory (BF)
SF,04,03,08,15,22,00,206455,2024-06-21,,Surabaya Factory (SF)
SF,04,04,08,32,36,00,207211,2024-07-17,2024-09-18,Bali Factory (BF)
SF,04,04,08,32,36,00,207212,2024-07-17,,Bali Factory (BF)
SF,04,04,08,33,00,00,207213,2024-07-24,,Bali Factory (BF)
SF,04,04,08,32,35,00,207214,2024-07-29,,Bali Factory (BF)
SF,04,04,08,32,35,00,207215,2024-08-01,2025-09-24,Bali Factory (BF)
SF,04,04,08,32,35,00,207216,2024-08-01,2026-01-10,Bali Factory (BF)
SF,04,04,08,39,51,00,207218,2024-08-15,,Bali Factory (BF)
SF,04,04,08,32,35,00,207219,2024-08-16,2024-11-04,Bali Factory (BF)
LCI,01,04,05,45,00,00,100270,2024-08-26,,Bali Factory (BF)
SF,04,04,08,33,00,00,207221,2024-08-27,2024-08-31,Bali Factory (BF)
SF,04,04,08,33,00,00,207222,2024-08-27,2024-08-31,Bali Factory (BF)
LCI,03,04,05,27,00,00,100271,2024-08-27,,Bali Factory (BF)
SF,04,04,08,28,31,00,207224,2024-08-29,2024-12-19,Bali Factory (BF)
SF,04,03,08,12,18,00,206458,2024-08-23,,Surabaya Factory (SF)
SF,04,03,08,12,15,00,206460,2024-09-04,2026-08-01,Surabaya Factory (SF)
SF,04,03,08,12,17,00,206464,2024-09-10,2026-08-01,Surabaya Factory (SF)
SF,04,03,08,24,25,00,206459,2024-09-07,2026-08-01,Surabaya Factory (SF)
SF,04,03,08,18,06,00,206466,2024-09-13,2026-08-01,Surabaya Factory (SF)
SF,04,03,08,18,05,00,206468,2024-09-18,2026-08-01,Surabaya Factory (SF)
SF,04,03,08,24,26,00,206467,2024-09-18,2026-08-01,Surabaya Factory (SF)
SF,04,03,08,24,26,00,206462,2024-09-18,2026-08-01,Surabaya Factory (SF)
SF,04,03,08,24,26,00,206461,2024-09-20,,Surabaya Factory (SF)
SF,04,03,08,24,26,00,206465,2024-09-20,2026-08-01,Surabaya Factory (SF)
SF,04,03,08,18,05,00,206470,2024-09-21,2026-08-01,Surabaya Factory (SF)
SF,04,03,08,24,26,00,206463,2024-09-27,2026-08-01,Surabaya Factory (SF)
SF,04,04,08,32,36,00,207225,2024-10-19,2024-10-29,Bali Factory (BF)
SF,04,03,08,12,15,00,206471,2024-10-25,2026-08-01,Surabaya Factory (SF)
SF,04,03,08,12,15,00,206469,2024-10-01,2026-08-01,Surabaya Factory (SF)
LCI,03,04,05,44,00,00,100272,2024-11-01,2025-05-09,Bali Factory (BF)
SF,04,04,08,32,35,00,207226,2024-11-06,2024-12-17,Bali Factory (BF)
SF,04,03,08,19,07,00,206472,2024-11-02,2026-08-01,Surabaya Factory (SF)
SF,04,03,08,19,07,00,206473,2024-11-02,2026-08-01,Surabaya Factory (SF)
SF,04,03,08,19,07,00,206474,2024-11-09,2026-08-01,Surabaya Factory (SF)
SF,04,03,08,19,07,00,206475,2024-11-09,2026-08-01,Surabaya Factory (SF)
SF,04,04,08,32,35,00,207227,2025-01-07,2025-01-24,Bali Factory (BF)
SF,04,04,08,36,44,00,206476,2024-11-14,,Bali Factory (BF)
LCI,03,04,05,37,00,00,100273,2024-11-05,2025-12-05,Bali Factory (BF)
SF,04,03,08,19,07,00,206477,2024-11-16,2026-08-01,Surabaya Factory (SF)
SF,04,03,00,19,07,00,206478,2024-11-25,2026-08-01,Surabaya Factory (SF)
SF,04,03,00,12,15,00,206479,2024-12-02,2026-08-01,Surabaya Factory (SF)
SF,04,03,08,12,15,00,206480,2024-12-06,2026-08-01,Surabaya Factory (SF)
LCI,03,03,05,24,00,00,100274,2025-01-21,,Surabaya Factory (SF)
SF,04,03,08,12,15,00,206481,2025-04-14,2026-08-01,Surabaya Factory (SF)
LCI,01,01,05,06,00,00,100276,2025-04-28,2026-01-30,Surabaya Office (SO)
SF,03,03,08,25,27,00,206482,2025-05-05,,Surabaya Factory (SF)
SF,04,03,08,19,08,00,206483,2025-05-13,2026-08-01,Surabaya Factory (SF)
SF,04,03,08,16,29,00,206484,2025-05-13,2026-08-01,Surabaya Factory (SF)
SF,04,03,08,16,29,00,206485,2025-05-13,2026-08-01,Surabaya Factory (SF)
LCI,01,01,05,06,00,00,100277,2025-05-13,,Surabaya Office (SO)
LCI,01,01,05,06,00,00,100278,2025-05-16,,Surabaya Office (SO)
SF,04,03,00,16,29,00,206486,2025-05-17,2026-08-01,Surabaya Factory (SF)
SF,03,03,08,16,29,00,206487,2025-05-18,,Surabaya Factory (SF)
SF,04,03,08,16,29,00,206488,2025-05-18,2026-08-01,Surabaya Factory (SF)
SF,04,03,08,16,29,00,206489,2025-06-12,2026-08-01,Surabaya Factory (SF)
SF,04,03,08,16,29,00,206490,2025-06-01,2026-08-01,Surabaya Factory (SF)
SF,04,03,08,16,29,00,206491,2025-06-01,2026-08-01,Surabaya Factory (SF)
SF,04,03,08,16,29,00,206492,2025-06-01,2026-08-01,Surabaya Factory (SF)
SF,04,03,08,18,06,00,206505,2025-06-14,,Surabaya Factory (SF)
SF,04,03,08,19,08,00,206502,2025-06-09,2026-08-01,Surabaya Factory (SF)
SF,04,03,08,19,07,00,206499,2025-06-10,2026-08-01,Surabaya Factory (SF)
SF,04,03,08,19,07,00,206500,2025-06-10,2026-08-01,Surabaya Factory (SF)
SF,04,03,08,12,18,00,206493,2025-06-10,2026-08-01,Surabaya Factory (SF)
SF,04,03,08,12,18,00,206494,2025-06-07,2026-08-01,Surabaya Factory (SF)
SF,04,03,08,12,18,00,206495,2025-06-09,2026-08-01,Surabaya Factory (SF)
SF,04,03,08,19,07,00,206496,2025-06-11,2026-08-01,Surabaya Factory (SF)
SF,04,03,08,12,18,00,206497,2025-06-11,2026-08-01,Surabaya Factory (SF)
SF,04,03,08,19,07,00,206498,2025-06-11,2026-08-01,Surabaya Factory (SF)
SF,04,03,08,19,07,00,206501,2025-06-11,2026-08-01,Surabaya Factory (SF)
SF,04,03,08,19,07,00,206503,2025-06-11,2026-08-01,Surabaya Factory (SF)
SF,04,03,08,12,18,00,206507,2025-06-16,,Surabaya Factory (SF)
SF,04,03,08,12,18,00,206508,2025-06-16,2026-08-01,Surabaya Factory (SF)
SF,04,03,08,25,27,00,206509,2025-06-16,2026-08-01,Surabaya Factory (SF)
SF,04,03,08,25,27,00,206510,2025-06-16,,Surabaya Factory (SF)
SF,04,03,08,26,00,00,206514,2025-06-12,,Surabaya Factory (SF)
SF,03,03,08,18,06,00,206515,2025-06-12,,Surabaya Factory (SF)
SF,04,04,08,31,34,00,206516,2026-04-06,,Bali Factory (BF)
SF,03,03,08,18,06,00,206517,2025-06-12,,Surabaya Factory (SF)
SF,04,03,08,18,05,00,206506,2025-06-26,2026-08-01,Surabaya Factory (SF)
SF,04,03,08,18,05,00,206504,2025-06-26,2026-08-01,Surabaya Factory (SF)
SF,04,03,08,18,05,00,206511,2025-06-26,2026-08-01,Surabaya Factory (SF)
SF,04,03,08,18,05,00,206512,2025-06-26,2026-08-01,Surabaya Factory (SF)
SF,04,03,08,15,23,00,206513,2025-06-26,2026-08-01,Surabaya Factory (SF)
SF,04,03,08,18,05,00,206449,2025-06-26,2026-08-01,Surabaya Factory (SF)
SF,04,03,08,18,05,00,206424,2025-06-26,2026-08-01,Surabaya Factory (SF)
SF,04,03,08,24,26,00,206528,2025-07-08,,Surabaya Factory (SF)
SF,04,03,08,24,26,00,206533,2025-07-07,2026-08-01,Surabaya Factory (SF)
SF,04,03,08,24,26,00,206534,2025-07-07,2026-08-01,Surabaya Factory (SF)
LCI,03,03,05,23,00,00,100280,2025-07-09,2025-07-31,Surabaya Factory (SF)
LCI,01,03,05,43,00,00,100279,2025-06-25,,Surabaya Factory (SF)
SF,04,03,08,24,26,00,206541,2025-07-11,2026-08-01,Surabaya Factory (SF)
SF,04,03,08,24,26,00,206540,2025-07-12,2026-08-01,Surabaya Factory (SF)
SF,04,03,08,24,26,00,206532,2025-07-12,2026-08-01,Surabaya Factory (SF)
SF,04,03,08,23,21,00,206518,2025-07-02,2026-08-01,Surabaya Factory (SF)
SF,04,03,08,18,06,00,206525,2025-06-30,2026-08-01,Surabaya Factory (SF)
SF,04,03,08,18,05,00,206519,2025-06-30,,Surabaya Factory (SF)
SF,04,03,08,18,05,00,206521,2025-06-30,,Surabaya Factory (SF)
SF,04,03,08,18,05,00,206520,2025-06-30,,Surabaya Factory (SF)
SF,04,03,08,18,05,00,206522,2025-06-30,2026-08-01,Surabaya Factory (SF)
SF,04,03,08,18,05,00,206523,2025-06-30,2026-08-01,Surabaya Factory (SF)
SF,04,03,08,18,05,00,206524,2025-06-30,2026-08-01,Surabaya Factory (SF)
SF,04,03,08,18,05,00,206526,2025-06-30,,Surabaya Factory (SF)
SF,04,03,08,18,05,00,206527,2025-06-30,2026-08-01,Surabaya Factory (SF)
SF,04,03,08,18,05,00,206529,2025-06-30,,Surabaya Factory (SF)
SF,04,03,08,18,05,00,206530,2025-06-30,,Surabaya Factory (SF)
SF,04,03,08,18,05,00,206531,2025-06-30,,Surabaya Factory (SF)
SF,04,03,08,25,27,00,206535,2025-07-11,2026-08-01,Surabaya Factory (SF)
SF,04,03,08,23,21,00,206544,2025-07-14,,Surabaya Factory (SF)
SF,04,03,08,23,21,00,206545,2025-07-14,,Surabaya Factory (SF)
SF,04,03,08,25,27,00,206536,2025-07-11,2026-08-01,Surabaya Factory (SF)
SF,04,03,08,25,27,00,206537,2025-07-11,,Surabaya Factory (SF)
SF,04,03,08,25,27,00,206538,2025-07-11,2026-08-01,Surabaya Factory (SF)
SF,04,03,08,25,27,00,206539,2025-07-11,2026-08-01,Surabaya Factory (SF)
SF,04,03,08,23,21,00,206547,2025-07-15,,Surabaya Factory (SF)
SF,04,03,08,23,21,00,206548,2025-07-17,,Surabaya Factory (SF)
SF,04,03,08,23,21,00,206549,2025-07-17,2026-08-01,Surabaya Factory (SF)
SF,04,03,08,23,21,00,206550,2025-07-17,2026-08-01,Surabaya Factory (SF)
SF,04,03,08,23,21,00,206551,2025-07-18,2026-08-01,Surabaya Factory (SF)
SF,04,03,08,23,21,00,206552,2025-07-18,,Surabaya Factory (SF)
SF,04,03,08,19,08,00,206553,2025-07-18,2026-08-01,Surabaya Factory (SF)
SF,04,03,08,19,08,00,206554,2025-07-18,2026-08-01,Surabaya Factory (SF)
SF,04,03,08,18,06,00,206546,2025-07-19,2026-08-01,Surabaya Factory (SF)
SF,04,03,08,18,06,00,206543,2025-07-16,,Surabaya Factory (SF)
SF,04,03,08,18,06,00,206555,2025-07-19,2026-08-01,Surabaya Factory (SF)
SF,04,04,08,31,34,00,207228,2025-07-24,,Bali Factory (BF)
LCI,03,03,05,13,00,00,100281,2025-07-21,2025-07-31,Surabaya Factory (SF)
SF,04,04,08,18,06,00,206572,2026-04-06,2026-06-22,Bali Factory (BF)
SF,04,03,08,26,00,00,206579,2026-07-03,,Surabaya Factory (SF)
SF,03,03,08,18,06,00,206580,2025-07-21,2026-08-31,Surabaya Factory (SF)
SF,03,03,08,18,06,00,206581,2025-07-21,,Surabaya Factory (SF)
SF,03,03,08,18,06,00,206582,2025-07-21,,Surabaya Factory (SF)
SF,03,03,08,18,06,00,206570,2025-07-21,,Surabaya Factory (SF)
SF,04,04,08,31,34,00,206571,2026-04-06,,Bali Factory (BF)
SF,04,04,08,31,34,00,206573,2026-04-06,,Bali Factory (BF)
SF,04,03,08,18,06,00,206584,2025-07-28,2026-08-01,Surabaya Factory (SF)
SF,04,03,08,18,06,00,206567,2025-07-30,,Surabaya Factory (SF)
SF,04,03,00,20,00,00,206601,2025-08-05,2026-08-01,Surabaya Factory (SF)
SF,04,03,08,23,21,00,206591,2025-08-04,2026-08-01,Surabaya Factory (SF)
SF,04,03,08,23,21,00,206592,2025-08-04,2026-08-01,Surabaya Factory (SF)
SF,04,03,00,23,21,00,206593,2025-08-04,,Surabaya Factory (SF)
SF,04,03,08,23,21,00,206590,2025-08-02,2026-08-01,Surabaya Factory (SF)
SF,04,03,08,19,08,00,206586,2025-07-31,2026-08-01,Surabaya Factory (SF)
SF,04,03,08,19,08,00,206585,2025-07-31,2026-08-01,Surabaya Factory (SF)
SF,04,03,08,24,26,00,206578,2025-08-09,,Surabaya Factory (SF)
SF,04,03,08,24,26,00,206583,2025-08-09,,Surabaya Factory (SF)
SF,04,03,08,19,08,00,206575,2025-08-11,2026-08-01,Surabaya Factory (SF)
SF,04,03,08,19,07,00,206574,2025-08-11,,Surabaya Factory (SF)
SF,04,03,08,18,06,00,206576,2025-08-11,,Surabaya Factory (SF)
SF,04,03,08,18,06,00,206577,2025-08-11,2026-08-01,Surabaya Factory (SF)
SF,04,03,08,18,05,00,206587,2025-08-11,,Surabaya Factory (SF)
SF,04,03,08,18,06,00,206588,2025-08-11,,Surabaya Factory (SF)
SF,04,03,08,18,06,00,206589,2025-08-11,,Surabaya Factory (SF)
SF,04,03,08,18,06,00,206560,2025-08-11,2026-08-01,Surabaya Factory (SF)
SF,04,03,08,18,06,00,206569,2025-08-11,,Surabaya Factory (SF)
SF,04,03,08,18,06,00,206558,2025-08-11,2026-08-01,Surabaya Factory (SF)
SF,04,03,08,18,06,00,206557,2025-08-11,,Surabaya Factory (SF)
SF,04,03,08,18,06,00,206556,2025-08-11,,Surabaya Factory (SF)
SF,04,03,08,18,06,00,206559,2025-08-11,,Surabaya Factory (SF)
SF,04,03,08,18,06,00,206562,2025-08-11,,Surabaya Factory (SF)
SF,04,03,08,18,06,00,206563,2025-08-11,2026-08-01,Surabaya Factory (SF)
SF,04,03,08,18,06,00,206564,2025-08-11,2026-08-01,Surabaya Factory (SF)
SF,04,03,08,18,06,00,206565,2025-08-11,,Surabaya Factory (SF)
SF,04,03,08,18,06,00,206566,2025-08-11,,Surabaya Factory (SF)
SF,04,03,08,18,06,00,206561,2025-08-11,2026-08-01,Surabaya Factory (SF)
SF,04,03,08,18,06,00,206568,2025-08-11,2026-08-01,Surabaya Factory (SF)
SF,04,03,08,23,21,00,206603,2025-08-06,2026-08-01,Surabaya Factory (SF)
SF,04,03,08,12,15,00,206605,2025-08-12,,Surabaya Factory (SF)
SF,04,04,08,31,34,00,207229,2025-08-18,2025-08-21,Bali Factory (BF)
LCI,01,03,05,11,00,00,100282,2025-08-11,,Surabaya Factory (SF)
LCI,01,03,05,11,00,00,100283,2025-08-18,,Surabaya Factory (SF)
SF,04,03,08,18,06,00,206609,2025-08-18,2026-08-01,Surabaya Factory (SF)
SF,04,03,08,18,06,00,206608,2025-08-18,,Surabaya Factory (SF)
SF,04,03,08,18,06,00,206607,2025-08-18,2026-08-01,Surabaya Factory (SF)
SF,04,03,08,18,06,00,206606,2025-08-18,,Surabaya Factory (SF)
SF,04,03,08,18,06,00,206610,2025-08-18,,Surabaya Factory (SF)
SF,04,03,08,18,06,00,206612,2025-08-18,2026-08-01,Surabaya Factory (SF)
SF,04,03,08,18,06,00,206613,2025-08-18,,Surabaya Factory (SF)
SF,04,03,08,18,06,00,206614,2025-08-18,2026-08-01,Surabaya Factory (SF)
SF,04,03,08,23,21,00,206630,2025-08-26,2026-08-01,Surabaya Factory (SF)
LCI,03,03,05,13,00,00,100284,2025-09-02,,Surabaya Factory (SF)
SF,04,03,08,19,07,00,206648,2025-09-02,2026-08-01,Surabaya Factory (SF)
SF,04,03,08,19,07,00,206647,2025-09-02,2026-08-01,Surabaya Factory (SF)
SF,04,03,08,19,07,00,206646,2025-09-01,2026-08-01,Surabaya Factory (SF)
SF,04,03,08,19,07,00,206645,2025-09-01,2026-08-01,Surabaya Factory (SF)
SF,04,03,08,19,07,00,206644,2025-09-01,2026-08-01,Surabaya Factory (SF)
SF,04,03,08,19,07,00,206643,2025-09-01,2026-08-01,Surabaya Factory (SF)
SF,04,03,08,19,07,00,206642,2025-09-01,2026-08-01,Surabaya Factory (SF)
SF,04,03,08,19,07,00,206641,2025-09-01,,Surabaya Factory (SF)
SF,04,03,08,19,07,00,206640,2025-09-01,2026-08-01,Surabaya Factory (SF)
SF,04,03,08,25,27,00,206639,2025-08-28,,Surabaya Factory (SF)
SF,04,03,08,19,08,00,206628,2025-09-23,2026-08-01,Surabaya Factory (SF)
SF,04,03,08,19,07,00,206627,2025-08-21,2026-08-01,Surabaya Factory (SF)
SF,04,03,08,19,07,00,206626,2025-08-21,2026-08-01,Surabaya Factory (SF)
SF,04,03,08,19,07,00,206625,2025-08-21,2026-08-01,Surabaya Factory (SF)
SF,04,03,08,19,07,00,206624,2025-08-21,2026-08-01,Surabaya Factory (SF)
SF,04,03,08,19,07,00,206623,2025-08-21,2026-08-01,Surabaya Factory (SF)
SF,04,03,08,19,07,00,206622,2025-08-21,,Surabaya Factory (SF)
SF,04,03,08,19,07,00,206621,2025-08-21,2026-08-01,Surabaya Factory (SF)
SF,04,03,08,19,07,00,206619,2025-08-21,2026-08-01,Surabaya Factory (SF)
SF,04,03,08,19,07,00,206620,2025-08-21,2026-08-01,Surabaya Factory (SF)
SF,04,03,08,23,21,00,206618,2025-08-18,2026-08-01,Surabaya Factory (SF)
SF,04,03,08,18,06,00,206632,2025-09-06,,Surabaya Factory (SF)
SF,04,03,08,12,18,00,206634,2025-09-06,,Surabaya Factory (SF)
SF,04,03,08,18,06,00,206635,2025-09-06,,Surabaya Factory (SF)
SF,04,03,08,18,06,00,206636,2025-09-06,2026-08-01,Surabaya Factory (SF)
SF,04,03,08,24,26,00,206631,2025-09-06,,Surabaya Factory (SF)
SF,04,03,08,24,24,00,206629,2025-09-06,,Surabaya Factory (SF)
SF,04,03,08,24,26,00,206637,2025-09-08,,Surabaya Factory (SF)
SF,04,03,08,18,06,00,206633,2025-08-28,2026-08-01,Surabaya Factory (SF)
SF,04,03,04,18,06,00,206616,2025-08-21,2026-08-01,Surabaya Factory (SF)
SF,04,03,08,18,06,00,206611,2025-08-21,2026-08-01,Surabaya Factory (SF)
SF,04,03,08,18,06,00,206615,2025-08-21,,Surabaya Factory (SF)
SF,04,03,08,18,06,00,206617,2025-08-21,2026-08-01,Surabaya Factory (SF)
SF,04,03,08,23,21,00,206649,2025-09-09,2026-08-01,Surabaya Factory (SF)
SF,04,03,08,23,21,00,206650,2025-09-11,2026-08-01,Surabaya Factory (SF)
SF,04,03,08,19,07,00,206655,2025-09-13,2026-08-01,Surabaya Factory (SF)
SF,04,03,08,19,07,00,206656,2025-09-13,,Surabaya Factory (SF)
SF,04,03,08,25,27,00,206651,2025-09-06,,Surabaya Factory (SF)
SF,04,03,08,25,27,00,206658,2025-09-15,2026-08-01,Surabaya Factory (SF)
SF,04,04,08,32,35,00,207230,2025-09-17,2025-10-25,Bali Factory (BF)
SF,04,03,08,15,23,00,206657,2025-09-15,2026-08-01,Surabaya Factory (SF)
SF,04,03,08,18,06,00,206594,2025-08-19,2026-08-01,Surabaya Factory (SF)
SF,04,03,08,25,27,00,206661,2025-09-22,,Surabaya Factory (SF)
SF,04,03,08,19,07,00,206662,2025-09-22,2026-08-01,Surabaya Factory (SF)
SF,04,03,08,19,07,00,206663,2025-09-23,2026-08-01,Surabaya Factory (SF)
SF,04,03,08,19,08,00,206664,2025-09-23,2026-08-01,Surabaya Factory (SF)
SF,04,03,08,19,07,00,206665,2025-09-23,2026-08-01,Surabaya Factory (SF)
SF,04,03,08,19,07,00,206666,2025-09-23,2026-08-01,Surabaya Factory (SF)
SF,04,03,08,19,07,00,206667,2025-09-29,2026-08-01,Surabaya Factory (SF)
SF,04,03,08,23,21,00,206668,2025-09-29,2026-08-01,Surabaya Factory (SF)
SF,04,03,08,24,26,00,206669,2025-09-29,,Surabaya Factory (SF)
SF,04,03,08,23,21,00,206671,2025-09-30,,Surabaya Factory (SF)
SF,04,03,08,23,21,00,206670,2025-09-30,,Surabaya Factory (SF)
SF,04,03,08,23,21,00,206672,2025-10-01,2026-08-01,Surabaya Factory (SF)
SF,04,03,08,23,21,00,206673,2025-10-01,2026-08-01,Surabaya Factory (SF)
SF,04,03,08,23,21,00,206674,2025-10-01,,Surabaya Factory (SF)
SF,04,03,08,23,21,00,206681,2025-10-02,2026-08-01,Surabaya Factory (SF)
SF,04,03,08,20,00,00,206682,2025-10-02,,Surabaya Factory (SF)
SF,04,03,08,12,17,00,206675,2025-10-03,2026-08-01,Surabaya Factory (SF)
SF,04,03,08,12,17,00,206683,2025-10-03,,Surabaya Factory (SF)
SF,04,03,08,23,21,00,206690,2025-10-04,2026-08-01,Surabaya Factory (SF)
SF,04,03,08,15,23,00,206691,2025-10-13,2026-08-01,Surabaya Factory (SF)
SF,04,03,04,25,28,00,206638,2025-10-27,2026-08-01,Surabaya Factory (SF)
SF,04,03,08,15,22,00,206700,2025-11-06,,Surabaya Factory (SF)
SF,04,03,08,16,29,00,206704,2025-11-14,2026-08-01,Surabaya Factory (SF)
SF,04,03,08,16,29,00,206703,2025-11-14,2026-08-01,Surabaya Factory (SF)
SF,04,03,08,12,17,00,206702,2025-11-08,2026-08-01,Surabaya Factory (SF)
SF,04,03,08,25,27,00,206701,2025-11-08,2026-08-10,Surabaya Factory (SF)
SF,04,04,08,38,48,00,207231,2025-11-29,,Bali Factory (BF)
SF,04,03,08,25,27,00,206706,2025-12-30,2026-08-01,Surabaya Factory (SF)
SF,04,03,08,16,29,00,206705,2025-12-13,,Surabaya Factory (SF)
SF,04,03,08,12,18,00,206707,2026-01-12,,Surabaya Factory (SF)
SF,04,03,08,16,29,00,206708,2026-01-14,,Surabaya Factory (SF)
SF,04,03,08,43,00,00,206709,2026-01-19,,Surabaya Factory (SF)
LCI,03,01,05,05,00,00,100285,2026-02-09,,Surabaya Office (SO)
LCI,03,03,05,25,00,00,100286,2026-02-25,2026-08-01,Surabaya Factory (SF)
LCI,03,03,03,12,00,00,100287,2026-03-02,2026-05-23,Surabaya Factory (SF)
SF,04,03,08,24,26,00,206710,2026-01-21,,Surabaya Factory (SF)
SF,04,03,08,25,27,00,206711,2026-01-30,2026-08-10,Surabaya Factory (SF)
SF,04,03,08,12,18,00,206712,2026-03-02,,Surabaya Factory (SF)
SF,04,03,08,12,18,00,206713,2026-03-02,2026-08-01,Surabaya Factory (SF)
SF,04,03,08,12,18,00,206714,2026-03-12,2026-08-01,Surabaya Factory (SF)
SF,04,03,08,16,29,00,206715,2026-03-13,,Surabaya Factory (SF)
SF,04,04,08,32,36,00,207232,2026-07-20,,Bali Factory (BF)
SF,04,03,08,12,18,00,206716,2026-03-30,2026-08-01,Surabaya Factory (SF)
SF,04,04,08,36,46,00,206717,2026-03-30,,Bali Factory (BF)
SF,04,04,08,32,36,00,207233,2026-04-06,,Bali Factory (BF)
SF,04,03,08,12,18,00,206689,2026-04-13,,Surabaya Factory (SF)
LCI,03,01,05,05,00,00,100288,2026-04-14,,Surabaya Office (SO)
SF,04,03,08,16,29,00,206719,2026-04-13,,Surabaya Factory (SF)
SF,04,03,08,23,21,00,206720,2026-04-15,,Surabaya Factory (SF)
SF,04,03,08,16,29,00,206721,2026-04-13,,Surabaya Factory (SF)
SF,04,03,08,23,21,00,206722,2026-04-13,2026-08-01,Surabaya Factory (SF)
SF,04,03,08,12,18,00,206723,2026-04-13,,Surabaya Factory (SF)
SF,04,03,08,12,16,00,206724,2026-04-13,2026-08-01,Surabaya Factory (SF)
SF,04,03,08,12,15,00,206725,2026-04-13,,Surabaya Factory (SF)
SF,04,03,08,23,21,00,206726,2026-04-15,,Surabaya Factory (SF)
SF,04,03,08,16,29,00,206727,2026-04-16,,Surabaya Factory (SF)
SF,04,03,08,23,21,00,206728,2026-04-16,,Surabaya Factory (SF)
SF,04,03,08,23,21,00,206729,2026-04-16,2026-08-01,Surabaya Factory (SF)
SF,04,03,08,12,15,00,206718,2026-04-03,2026-08-01,Surabaya Factory (SF)
SF,04,03,05,23,20,00,206733,2026-04-21,,Surabaya Factory (SF)
SF,03,03,08,12,18,00,203361,2026-04-17,2026-07-21,Surabaya Factory (SF)
SF,03,03,08,12,18,00,203362,2026-04-17,2026-07-21,Surabaya Factory (SF)
SF,03,03,08,12,18,00,203363,2026-04-17,2026-08-01,Surabaya Factory (SF)
SF,04,03,08,12,18,00,216822,2026-04-24,,Surabaya Factory (SF)
SF,04,03,08,19,07,00,206734,2026-04-24,,Surabaya Factory (SF)
SF,04,03,08,19,08,00,206735,2026-04-24,,Surabaya Factory (SF)
SF,04,03,08,19,08,00,206736,2026-04-24,2026-08-01,Surabaya Factory (SF)
SF,04,03,08,19,07,00,206737,2026-04-24,,Surabaya Factory (SF)
SF,04,03,08,19,09,00,206738,2026-04-24,2026-08-01,Surabaya Factory (SF)
SF,04,03,08,19,07,00,206739,2026-04-24,,Surabaya Factory (SF)
SF,04,03,08,19,07,00,206740,2026-04-24,,Surabaya Factory (SF)
SF,04,03,08,23,19,00,206741,2026-04-25,2026-08-01,Surabaya Factory (SF)
SF,04,03,08,19,08,00,206742,2026-04-25,,Surabaya Factory (SF)
SF,04,03,08,19,07,00,206743,2026-04-25,2026-08-01,Surabaya Factory (SF)
SF,04,03,08,19,07,00,206744,2026-04-25,2026-08-01,Surabaya Factory (SF)
SF,04,03,08,19,08,00,206746,2026-04-27,,Surabaya Factory (SF)
SF,04,03,08,12,17,00,206745,2026-04-27,2026-08-01,Surabaya Factory (SF)
SF,04,03,08,19,08,00,206747,2026-04-27,2026-06-21,Surabaya Factory (SF)
SF,04,03,08,19,08,00,206748,2026-04-27,2026-08-01,Surabaya Factory (SF)
SF,04,03,08,12,16,00,206749,2026-05-05,,Surabaya Factory (SF)
SF,04,03,08,19,08,00,206750,2026-04-27,2026-08-31,Surabaya Factory (SF)
LCI,03,03,05,16,00,00,100289,2026-05-04,2026-07-28,Surabaya Factory (SF)
LCI,03,01,05,02,00,00,100290,2026-05-04,,Surabaya Office (SO)
SF,04,03,08,12,18,00,206760,2026-05-06,,Surabaya Factory (SF)
SF,04,03,08,12,18,00,206761,2026-05-06,2026-08-01,Surabaya Factory (SF)
SF,04,03,08,19,07,00,206754,2026-05-05,,Surabaya Factory (SF)
SF,04,03,08,23,21,00,206755,2026-05-05,,Surabaya Factory (SF)
SF,04,03,08,23,21,00,206756,2026-05-05,,Surabaya Factory (SF)
SF,04,03,08,23,21,00,206757,2026-05-05,,Surabaya Factory (SF)
SF,04,03,08,23,21,00,206758,2026-05-05,,Surabaya Factory (SF)
SF,04,03,08,19,07,00,206759,2026-05-06,2026-08-01,Surabaya Factory (SF)
SF,04,03,08,19,08,00,206751,2026-05-06,2026-08-01,Surabaya Factory (SF)
SF,04,03,08,25,27,00,206752,2026-04-30,,Surabaya Factory (SF)
SF,04,03,08,12,15,00,206753,2026-05-04,,Surabaya Factory (SF)
SF,04,03,08,18,06,00,206686,2025-05-09,,Surabaya Factory (SF)
SF,04,03,08,18,06,00,206596,2025-08-09,,Surabaya Factory (SF)
SF,04,03,08,18,06,00,206598,2025-08-09,,Surabaya Factory (SF)
SF,04,03,08,12,18,00,206767,2026-05-11,,Surabaya Factory (SF)
SF,04,03,08,19,07,00,206768,2026-05-11,2026-08-01,Surabaya Factory (SF)
SF,04,03,08,19,07,00,206769,2026-05-11,2026-08-01,Surabaya Factory (SF)
SF,04,03,08,19,07,00,206770,2026-05-11,2026-08-01,Surabaya Factory (SF)
SF,04,03,08,19,07,00,206771,2026-05-11,,Surabaya Factory (SF)
SF,04,03,08,19,07,00,206772,2026-05-11,2026-08-01,Surabaya Factory (SF)
SF,04,03,08,19,07,00,206778,2026-05-11,2026-08-01,Surabaya Factory (SF)
SF,04,03,08,19,07,00,206779,2026-05-11,2026-08-01,Surabaya Factory (SF)
SF,04,03,08,19,07,00,206780,2026-05-11,2026-08-01,Surabaya Factory (SF)
SF,04,03,08,19,07,00,206781,2026-05-11,2026-08-01,Surabaya Factory (SF)
SF,04,03,08,19,07,00,206782,2026-05-11,,Surabaya Factory (SF)
SF,04,03,08,19,07,00,206783,2026-05-11,,Surabaya Factory (SF)
SF,04,03,08,19,07,00,206784,2026-05-11,,Surabaya Factory (SF)
SF,04,03,08,19,07,00,206785,2026-05-11,,Surabaya Factory (SF)
SF,04,03,08,19,07,00,206786,2026-05-11,2026-08-01,Surabaya Factory (SF)
SF,04,03,08,19,07,00,206787,2026-05-11,,Surabaya Factory (SF)
SF,04,03,08,24,26,00,206763,2026-05-07,,Surabaya Factory (SF)
SF,04,03,08,18,06,00,206659,2026-01-01,,Surabaya Factory (SF)
SF,04,03,08,18,06,00,206660,2026-01-01,,Surabaya Factory (SF)
SF,04,03,08,24,26,00,206766,2026-05-12,2026-08-01,Surabaya Factory (SF)
SF,04,03,08,18,06,00,206777,2026-05-11,2026-08-31,Surabaya Factory (SF)
SF,04,03,08,18,06,00,206789,2026-05-11,,Surabaya Factory (SF)
SF,04,03,08,18,06,00,206774,2026-05-11,,Surabaya Factory (SF)
SF,04,03,08,18,06,00,206680,2026-05-11,2026-08-31,Surabaya Factory (SF)
SF,04,03,08,18,06,00,206677,2026-05-11,,Surabaya Factory (SF)
SF,04,03,08,12,18,00,206790,2026-05-15,,Surabaya Factory (SF)
SF,04,03,08,12,18,00,206791,2026-05-15,2026-08-01,Surabaya Factory (SF)
SF,04,03,08,12,17,00,206792,2026-05-15,,Surabaya Factory (SF)
SF,04,03,08,18,06,00,206765,2026-05-11,2026-08-01,Surabaya Factory (SF)
SF,04,03,08,18,06,00,206764,2026-05-11,2026-08-01,Surabaya Factory (SF)
SF,04,02,08,18,05,00,206773,2026-05-11,,Bali Office (BO)
SF,04,03,08,18,06,00,206775,2026-05-11,2026-08-01,Surabaya Factory (SF)
SF,04,03,08,18,06,00,206788,2026-05-12,2026-08-01,Surabaya Factory (SF)
SF,04,03,08,18,06,00,206793,2026-05-18,,Surabaya Factory (SF)
SF,04,03,08,18,05,00,206795,2026-05-18,2026-08-01,Surabaya Factory (SF)
SF,04,03,08,18,06,00,206796,2026-05-18,2026-08-01,Surabaya Factory (SF)
SF,04,03,08,18,05,00,206794,2026-05-18,,Surabaya Factory (SF)
SF,04,03,08,24,26,00,206762,2026-05-11,2026-08-01,Surabaya Factory (SF)
SF,04,03,08,24,26,00,206797,2026-05-20,2026-08-01,Surabaya Factory (SF)
LCI,03,04,05,13,00,00,100291,2026-05-25,,Bali Factory (BF)
SF,04,03,08,18,06,00,206688,2026-05-01,,Surabaya Factory (SF)
SF,04,03,08,23,21,00,206800,2026-05-21,2026-08-01,Surabaya Factory (SF)
SF,04,03,08,20,00,00,206801,2026-05-21,,Surabaya Factory (SF)
SF,04,03,08,19,07,00,206805,2026-06-02,,Surabaya Factory (SF)
SF,03,03,08,19,07,00,206806,2026-06-02,,Surabaya Factory (SF)
SF,04,03,08,19,07,00,206807,2026-06-02,,Surabaya Factory (SF)
SF,04,03,08,19,07,00,206808,2026-06-02,,Surabaya Factory (SF)
SF,04,03,08,19,08,00,206809,2026-06-02,,Surabaya Factory (SF)
SF,04,03,08,19,08,00,206810,2026-06-02,,Surabaya Factory (SF)
SF,04,03,08,19,08,00,206811,2026-06-02,,Surabaya Factory (SF)
SF,04,03,08,19,08,00,206812,2026-06-02,,Surabaya Factory (SF)
SF,04,03,08,19,08,00,206813,2026-06-02,,Surabaya Factory (SF)
SF,04,03,08,23,21,00,206803,2026-06-02,,Surabaya Factory (SF)
SF,04,03,08,23,21,00,206804,2026-06-02,,Surabaya Factory (SF)
SF,04,03,08,12,18,00,206814,2026-06-08,,Surabaya Factory (SF)
SF,04,03,08,24,26,00,206815,2026-08-11,2026-08-11,Surabaya Factory (SF)
SF,04,03,08,23,21,00,206816,2026-06-10,,Surabaya Factory (SF)
SF,04,03,08,23,21,00,206818,2026-06-11,,Surabaya Factory (SF)
SF,04,03,08,19,08,00,206817,2026-06-10,,Surabaya Factory (SF)
SF,04,03,08,23,20,00,206819,2026-06-15,,Surabaya Factory (SF)
SF,04,03,08,18,06,00,206654,2026-05-01,,Surabaya Factory (SF)
SF,04,03,08,18,06,00,206799,2026-06-02,,Surabaya Factory (SF)
SF,04,03,08,19,07,00,206694,2026-05-01,,Surabaya Factory (SF)
LCI,03,04,05,11,00,00,100292,2026-05-25,,Bali Factory (BF)
SF,04,03,08,23,21,00,206821,2026-06-22,,Surabaya Factory (SF)
SF,04,03,08,23,21,00,206820,2026-06-22,,Surabaya Factory (SF)
SF,04,03,08,23,21,00,206825,2026-06-30,,Surabaya Factory (SF)
SF,04,03,08,12,15,00,206824,2026-06-29,,Surabaya Factory (SF)
SF,04,03,08,23,21,00,206826,2026-07-02,,Surabaya Factory (SF)
SF,04,03,08,18,06,00,206827,2026-06-30,,Surabaya Factory (SF)
SF,04,03,08,18,06,00,206828,2026-06-30,2026-08-01,Surabaya Factory (SF)
SF,04,03,08,19,08,00,206829,2026-07-01,,Surabaya Factory (SF)
SF,04,03,08,19,08,00,206830,2026-06-30,,Surabaya Factory (SF)
SF,04,03,08,19,08,00,206831,2026-06-30,,Surabaya Factory (SF)
SF,04,03,08,19,08,00,206832,2026-06-30,,Surabaya Factory (SF)
SF,04,03,08,26,00,00,206839,2026-07-03,,Surabaya Factory (SF)
SF,04,03,08,26,00,00,206840,2026-07-03,,Surabaya Factory (SF)
SF,04,03,08,19,08,00,206833,2026-07-02,2026-08-01,Surabaya Factory (SF)
SF,04,03,08,19,07,00,206834,2026-07-02,,Surabaya Factory (SF)
SF,04,03,08,19,08,00,206835,2026-07-02,,Surabaya Factory (SF)
SF,04,03,08,19,08,00,206836,2026-07-02,,Surabaya Factory (SF)
SF,04,03,08,19,08,00,206837,2026-07-02,,Surabaya Factory (SF)
SF,04,03,08,23,20,00,206838,2026-07-02,,Surabaya Factory (SF)
SF,04,03,08,12,18,00,206822,2026-06-29,,Surabaya Factory (SF)
SF,04,03,08,12,18,00,206823,2026-06-29,,Surabaya Factory (SF)
SF,04,03,08,18,06,00,206843,2026-07-06,,Surabaya Factory (SF)
SF,04,03,08,18,06,00,206847,2026-07-06,,Surabaya Factory (SF)
SF,04,03,08,18,06,00,206848,2026-07-06,2026-08-01,Surabaya Factory (SF)
SF,04,03,08,18,06,00,206846,2026-07-06,,Surabaya Factory (SF)
SF,04,03,08,23,21,00,206842,2026-07-06,,Surabaya Factory (SF)
SF,04,03,08,23,21,00,206841,2026-07-04,2026-08-01,Surabaya Factory (SF)
SF,04,03,08,19,07,00,206844,2026-07-06,,Surabaya Factory (SF)
SF,04,03,08,19,08,00,206845,2026-07-06,2026-08-01,Surabaya Factory (SF)
SF,04,03,08,19,08,00,206849,2026-07-06,,Surabaya Factory (SF)
SF,04,03,08,19,07,00,206850,2026-07-06,,Surabaya Factory (SF)
SF,04,03,08,19,08,00,206851,2026-07-06,,Surabaya Factory (SF)
SF,04,03,08,23,21,00,206852,2026-07-08,2026-08-01,Surabaya Factory (SF)
SF,04,03,08,23,21,00,206857,2026-07-08,,Surabaya Factory (SF)
SF,04,03,08,23,21,00,206862,2026-07-09,,Surabaya Factory (SF)
SF,04,03,08,19,07,00,206860,2026-07-09,,Surabaya Factory (SF)
SF,04,03,08,19,07,00,206858,2026-07-09,,Surabaya Factory (SF)
SF,04,03,08,19,08,00,206859,2026-07-09,,Surabaya Factory (SF)
SF,04,03,08,19,08,00,206855,2026-07-08,2026-08-31,Surabaya Factory (SF)
SF,04,03,08,19,08,00,206853,2026-07-08,2026-08-01,Surabaya Factory (SF)
SF,04,03,08,19,07,00,206854,2026-07-08,,Surabaya Factory (SF)
SF,04,03,08,12,15,00,206856,2026-07-08,,Surabaya Factory (SF)
SF,04,03,08,23,20,00,206861,2026-07-10,,Surabaya Factory (SF)
SF,04,03,08,19,07,00,206863,2026-07-09,,Surabaya Factory (SF)
SF,04,04,08,32,35,00,207237,2026-07-20,,Bali Factory (BF)
SF,04,03,08,18,06,00,206869,2026-07-21,,Surabaya Factory (SF)
SF,04,03,08,18,06,00,206870,2026-07-21,,Surabaya Factory (SF)
SF,04,03,08,26,00,00,206864,2026-07-13,,Surabaya Factory (SF)
SF,04,03,08,26,00,00,206865,2026-07-13,,Surabaya Factory (SF)
SF,04,03,08,26,00,00,206866,2026-07-13,,Surabaya Factory (SF)
SF,04,03,08,26,00,00,206867,2026-07-13,,Surabaya Factory (SF)
SF,04,04,08,28,31,00,207238,2026-07-21,,Bali Factory (BF)
SF,04,04,08,31,34,00,207234,2026-07-07,,Bali Factory (BF)
SF,04,04,08,31,34,00,207235,2026-07-07,,Bali Factory (BF)
SF,03,03,00,00,00,00,203364,2026-07-20,,Surabaya Factory (SF)
SF,04,03,08,12,18,00,206872,2026-07-23,,Surabaya Factory (SF)
SF,04,03,08,23,21,00,206871,2026-07-21,,Surabaya Factory (SF)
SF,04,03,08,23,21,00,206876,2026-07-24,,Surabaya Factory (SF)
SF,04,03,08,19,08,00,206873,2026-07-23,2026-08-31,Surabaya Factory (SF)
SF,04,03,08,19,08,00,206874,2026-07-23,,Surabaya Factory (SF)
SF,04,03,08,24,26,00,206875,2026-07-23,,Surabaya Factory (SF)
SF,04,03,08,23,21,00,206877,2026-07-30,,Surabaya Factory (SF)
SF,04,03,08,23,21,00,206881,2026-08-03,2026-08-31,Surabaya Factory (SF)
SF,04,03,00,12,18,00,206878,2026-08-03,,Surabaya Factory (SF)
SF,04,03,08,12,18,00,206880,2026-08-03,,Surabaya Factory (SF)
SF,04,03,08,12,18,00,206879,2026-08-03,,Surabaya Factory (SF)
SF,04,03,00,23,21,00,206882,2026-08-04,,Surabaya Factory (SF)
SF,04,03,08,23,21,00,206883,2026-08-11,,Surabaya Factory (SF)
SF,04,03,08,23,21,00,206884,2026-08-11,,Surabaya Factory (SF)
SF,04,03,08,23,21,00,206885,2026-08-11,,Surabaya Factory (SF)
SF,04,03,08,23,21,00,206886,2026-08-11,,Surabaya Factory (SF)
SF,04,03,08,23,21,00,206887,2026-08-11,2026-08-31,Surabaya Factory (SF)
SF,04,03,08,23,21,00,206888,2026-08-11,,Surabaya Factory (SF)
SF,04,03,08,23,21,00,206889,2026-08-11,,Surabaya Factory (SF)
SF,04,03,08,23,21,00,206892,2026-08-12,,Surabaya Factory (SF)
SF,04,03,00,23,21,00,206893,2026-08-12,,Surabaya Factory (SF)
SF,04,03,08,12,18,00,206890,2026-08-12,,Surabaya Factory (SF)
SF,04,03,08,12,18,00,206891,2026-08-12,,Surabaya Factory (SF)
SF,04,04,08,28,31,00,207239,2026-08-12,,Bali Factory (BF)
SF,04,04,08,36,44,00,206894,2026-08-14,,Bali Factory (BF)
SF,04,03,08,12,18,00,206895,2026-08-14,,Surabaya Factory (SF)
SF,04,03,08,23,21,00,206896,2026-08-14,,Surabaya Factory (SF)
SF,04,03,08,19,08,00,206897,2026-08-14,,Surabaya Factory (SF)
LCI,03,01,05,05,00,00,100293,2026-08-18,,Surabaya Office (SO)
LCI,03,03,05,25,00,00,100294,2026-08-19,,Surabaya Factory (SF)
SF,04,04,08,32,36,00,217001,2026-08-18,,Bali Factory (BF)
SF,04,04,08,32,35,00,217002,2026-08-18,,Bali Factory (BF)
SF,04,04,08,32,36,00,217003,2026-08-18,,Bali Factory (BF)
SF,04,04,08,32,35,00,217004,2026-08-18,,Bali Factory (BF)
SF,04,04,08,32,35,00,217005,2026-08-18,,Bali Factory (BF)
SF,04,04,08,32,35,00,217006,2026-08-18,,Bali Factory (BF)
SF,03,03,00,00,00,00,203365,2026-09-01,2026-12-31,Surabaya Factory (SF)
SF,03,03,00,00,00,00,206898,2026-09-01,2027-02-28,Surabaya Factory (SF)
SF,03,03,00,00,00,00,206899,2026-09-01,2027-02-28,Surabaya Factory (SF)
SF,03,03,00,00,00,00,206900,2026-09-01,2027-02-28,Surabaya Factory (SF)
